{"accountBaseInfo":{"browserEnvId":9,"email":"odtffgklh@mailxw.com","id":9,"password":"123456789HeLei","proxyId":9,"restHeaders":{},"signUp":true,"twitterId":9,"type":"xinglan","wSHeaders":{}},"browserEnv":{"headers":{"user-agent":"Mozilla/55.0 (Windows NT 10.0; Win64; x64) AppleWebKit/537.36 (KHTML, like Gecko) Chrome/130.0.6723.116 Safari/537.36"},"id":9},"connectStatusInfo":{"connectStatus":"NEW","errorHeartBeat":0,"heartBeat":0,"restart":0},"name":"odtffgklh@mailxw.com","params":{"email_verified":"false"},"proxy":{"address":{"address":"127.0.0.1","port":52012},"addressStr":"127.0.0.1:52012","host":"127.0.0.1","id":9,"port":52012,"proxyProtocal":"HTTP","proxyType":"DYNAMIC"},"restHeaders":{},"rewordInfo":{},"simpleInfo":"9-账户[odtffgklh@mailxw.com]-代理[127.0.0.1:52012]","twitter":{"email":"fgihq235hvw@hotmail.com","f2aToken":"SJZEPGGUDCLLE32D","id":9,"password":"Zy*HCjS)IxK#TL","username":"ybuao53554418"},"usable":false,"wSHeaders":{}}