{"accountBaseInfo":{"browserEnvId":33,"email":"mzaiortumb@mailxw.com","id":33,"password":"123456789HeLei","restHeaders":{},"twitterId":33,"type":"xinglan","wSHeaders":{}},"browserEnv":{"headers":{"user-agent":"Mozilla/55.0 (Windows NT 10.0; Win64; x64) AppleWebKit/537.36 (KHTML, like Gecko) Chrome/129.0.6668.89 Safari/537.36"},"id":33},"connectStatusInfo":{"connectStatus":"NEW","errorHeartBeat":0,"heartBeat":0,"restart":0},"name":"mzaiortumb@mailxw.com","params":{},"proxy":{"address":{"address":"127.0.0.1","port":52012},"addressStr":"127.0.0.1:52012","host":"127.0.0.1","id":9,"port":52012,"proxyProtocal":"HTTP","proxyType":"DYNAMIC"},"restHeaders":{},"simpleInfo":"账户[mzaiortumb@mailxw.com]-代理[127.0.0.1:52012]","twitter":{"email":"pblw3rdiy@outlook.com","f2aToken":"4O7ZZGK7U2ZT56CZ","id":33,"password":"MZL@V0YSptz*px","username":"mbzir87318116"},"usable":false,"wSHeaders":{}}