{"accountBaseInfo":{"browserEnvId":32,"email":"gzikeyaqa@mailxw.com","id":32,"password":"123456789HeLei","restHeaders":{},"signUp":true,"twitterId":32,"type":"xinglan","wSHeaders":{}},"browserEnv":{"headers":{"user-agent":"Mozilla/55.0 (Windows NT 10.0; Win64; x64) AppleWebKit/537.36 (KHTML, like Gecko) Chrome/129.0.6668.59 Safari/537.36"},"id":32},"connectStatusInfo":{"connectStatus":"NEW","errorHeartBeat":0,"heartBeat":0,"restart":0},"name":"gzikeyaqa@mailxw.com","params":{"email_verified":"false"},"proxy":{"address":{"address":"127.0.0.1","port":52011},"addressStr":"127.0.0.1:52011","host":"127.0.0.1","id":8,"port":52011,"proxyProtocal":"HTTP","proxyType":"DYNAMIC"},"restHeaders":{},"rewordInfo":{},"simpleInfo":"32-账户[gzikeyaqa@mailxw.com]-代理[127.0.0.1:52011]","twitter":{"email":"zq7oeocrj9zw@hotmail.com","f2aToken":"EDAOOD3G3S4TJCYL","id":32,"password":"6%qEbHB$dlRpLv","username":"mhcnq14578183"},"usable":false,"wSHeaders":{}}