{"accountBaseInfo":{"browserEnvId":18,"email":"heebefew@mailxw.com","id":18,"password":"123456789HeLei","proxyId":18,"restHeaders":{},"twitterId":18,"type":"xinglan","wSHeaders":{}},"browserEnv":{"headers":{"user-agent":"Mozilla/55.0 (Windows NT 10.0; Win64; x64) AppleWebKit/537.36 (KHTML, like Gecko) Chrome/130.0.6723.70 Safari/537.36"},"id":18},"connectStatusInfo":{"connectStatus":"NEW","errorHeartBeat":0,"heartBeat":0,"restart":0},"name":"heebefew@mailxw.com","params":{},"proxy":{"address":{"address":"127.0.0.1","port":52021},"addressStr":"127.0.0.1:52021","host":"127.0.0.1","id":18,"port":52021,"proxyProtocal":"HTTP","proxyType":"DYNAMIC"},"restHeaders":{},"simpleInfo":"账户[heebefew@mailxw.com]-代理[127.0.0.1:52021]","twitter":{"email":"m9b6w1v9y@outlook.com","f2aToken":"UPTZUFVOM3FITT3T","id":18,"password":"6$QSlG303*0TWX","username":"tqlco73151837"},"usable":false,"wSHeaders":{}}