{"accountBaseInfo":{"browserEnvId":40,"email":"fhwnaqbj@mailxw.com","id":40,"password":"123456789HeLei","restHeaders":{},"twitterId":40,"type":"xinglan","wSHeaders":{}},"browserEnv":{"headers":{"user-agent":"Mozilla/55.0 (Windows NT 10.0; Win64; x64) AppleWebKit/537.36 (KHTML, like Gecko) Chrome/130.0.6723.117 Safari/537.36"},"id":40},"connectStatusInfo":{"connectStatus":"NEW","errorHeartBeat":0,"heartBeat":0,"restart":0},"name":"fhwnaqbj@mailxw.com","params":{},"proxy":{"address":{"address":"127.0.0.1","port":52019},"addressStr":"127.0.0.1:52019","host":"127.0.0.1","id":16,"port":52019,"proxyProtocal":"HTTP","proxyType":"DYNAMIC"},"restHeaders":{},"simpleInfo":"账户[fhwnaqbj@mailxw.com]-代理[127.0.0.1:52019]","twitter":{"email":"vnc3y4tsugg@hotmail.com","f2aToken":"KIMBYTQQ3RH4WNNS","id":40,"password":"Ji0$iogdyFmG@j","username":"gvicy72824877"},"usable":false,"wSHeaders":{}}