{"accountBaseInfo":{"browserEnvId":29,"email":"vpewwqkgvs@mailxw.com","id":29,"password":"123456789HeLei","restHeaders":{},"twitterId":29,"type":"xinglan","wSHeaders":{}},"browserEnv":{"headers":{"user-agent":"Mozilla/55.0 (Windows NT 10.0; Win64; x64) AppleWebKit/537.36 (KHTML, like Gecko) Chrome/130.0.6723.69 Safari/537.36"},"id":29},"connectStatusInfo":{"connectStatus":"NEW","errorHeartBeat":0,"heartBeat":0,"restart":0},"name":"vpewwqkgvs@mailxw.com","params":{},"proxy":{"address":{"address":"127.0.0.1","port":52008},"addressStr":"127.0.0.1:52008","host":"127.0.0.1","id":5,"port":52008,"proxyProtocal":"HTTP","proxyType":"DYNAMIC"},"restHeaders":{},"simpleInfo":"账户[vpewwqkgvs@mailxw.com]-代理[127.0.0.1:52008]","twitter":{"email":"x8ovbjiet@outlook.com","f2aToken":"7XYLGWORDD7IJNKN","id":29,"password":"dgIs9UjQ2NS6Mr","username":"jbmqk78153326"},"usable":false,"wSHeaders":{}}