{"accountBaseInfo":{"email":"brocylhcxp@mailxw.com","id":85,"password":"123456789HeLei","restHeaders":{},"type":"xinglan","wSHeaders":{}},"browserEnv":{"headers":{"user-agent":"Mozilla/55.0 (Windows NT 10.0; Win64; x64) AppleWebKit/537.36 (KHTML, like Gecko) Chrome/130.0.6723.117 Safari/537.36"},"id":35},"connectStatusInfo":{"connectStatus":"NEW","errorHeartBeat":0,"heartBeat":0,"restart":0},"name":"brocylhcxp@mailxw.com","params":{},"proxy":{"address":{"address":"127.0.0.1","port":52016},"addressStr":"127.0.0.1:52016","host":"127.0.0.1","id":13,"port":52016,"proxyProtocal":"HTTP","proxyType":"DYNAMIC"},"restHeaders":{},"simpleInfo":"账户[brocylhcxp@mailxw.com]-代理[127.0.0.1:52016]","usable":false,"wSHeaders":{}}