{"accountBaseInfo":{"email":"rsxerdelzd@mailxw.com","id":68,"password":"123456789HeLei","restHeaders":{},"signUp":true,"type":"xinglan","wSHeaders":{}},"browserEnv":{"headers":{"user-agent":"Mozilla/55.0 (Windows NT 10.0; Win64; x64) AppleWebKit/537.36 (KHTML, like Gecko) Chrome/130.0.6723.70 Safari/537.36"},"id":18},"connectStatusInfo":{"connectStatus":"NEW","errorHeartBeat":0,"heartBeat":0,"restart":0},"name":"rsxerdelzd@mailxw.com","params":{"email_verified":"false"},"proxy":{"address":{"address":"127.0.0.1","port":52023},"addressStr":"127.0.0.1:52023","host":"127.0.0.1","id":20,"port":52023,"proxyProtocal":"HTTP","proxyType":"DYNAMIC"},"restHeaders":{},"rewordInfo":{},"simpleInfo":"68-账户[rsxerdelzd@mailxw.com]-代理[127.0.0.1:52023]","usable":false,"wSHeaders":{}}