{"accountBaseInfo":{"browserEnvId":41,"email":"lwzxigrn@mailxw.com","id":41,"password":"123456789HeLei","restHeaders":{},"twitterId":41,"type":"xinglan","wSHeaders":{}},"browserEnv":{"headers":{"user-agent":"Mozilla/55.0 (Windows NT 10.0; Win64; x64) AppleWebKit/537.36 (KHTML, like Gecko) Chrome/130.0.6723.117 Safari/537.36"},"id":41},"connectStatusInfo":{"connectStatus":"NEW","errorHeartBeat":0,"heartBeat":0,"restart":0},"name":"lwzxigrn@mailxw.com","params":{},"proxy":{"address":{"address":"127.0.0.1","port":52020},"addressStr":"127.0.0.1:52020","host":"127.0.0.1","id":17,"port":52020,"proxyProtocal":"HTTP","proxyType":"DYNAMIC"},"restHeaders":{},"simpleInfo":"账户[lwzxigrn@mailxw.com]-代理[127.0.0.1:52020]","twitter":{"email":"hessnboder36@outlook.com","f2aToken":"LAJE3VKNIUC2AU5H","id":41,"password":"Gym9@BFkSPTVIG","username":"dzadq13878124"},"usable":false,"wSHeaders":{}}