{"accountBaseInfo":{"email":"bwxvehocrg@mailxw.com","id":53,"password":"123456789HeLei","restHeaders":{},"signUp":true,"type":"xinglan","wSHeaders":{}},"browserEnv":{"headers":{"user-agent":"Mozilla/55.0 (Windows NT 10.0; Win64; x64) AppleWebKit/537.36 (KHTML, like Gecko) Chrome/129.0.6668.101 Safari/537.36"},"id":3},"connectStatusInfo":{"connectStatus":"NEW","errorHeartBeat":0,"heartBeat":0,"restart":0},"name":"bwxvehocrg@mailxw.com","params":{"email_verified":"false"},"proxy":{"address":{"address":"127.0.0.1","port":52008},"addressStr":"127.0.0.1:52008","host":"127.0.0.1","id":5,"port":52008,"proxyProtocal":"HTTP","proxyType":"DYNAMIC"},"restHeaders":{},"rewordInfo":{},"simpleInfo":"53-账户[bwxvehocrg@mailxw.com]-代理[127.0.0.1:52008]","usable":false,"wSHeaders":{}}