{"accountBaseInfo":{"browserEnvId":11,"email":"kmvasoia@mailxw.com","id":11,"password":"123456789HeLei","proxyId":11,"restHeaders":{},"signUp":true,"twitterId":11,"type":"xinglan","wSHeaders":{}},"browserEnv":{"headers":{"user-agent":"Mozilla/55.0 (Windows NT 10.0; Win64; x64) AppleWebKit/537.36 (KHTML, like Gecko) Chrome/130.0.6723.59 Safari/537.36"},"id":11},"connectStatusInfo":{"connectStatus":"NEW","errorHeartBeat":0,"heartBeat":0,"restart":0},"name":"kmvasoia@mailxw.com","params":{"email_verified":"false"},"proxy":{"address":{"address":"127.0.0.1","port":52014},"addressStr":"127.0.0.1:52014","host":"127.0.0.1","id":11,"port":52014,"proxyProtocal":"HTTP","proxyType":"DYNAMIC"},"restHeaders":{},"rewordInfo":{},"simpleInfo":"11-账户[kmvasoia@mailxw.com]-代理[127.0.0.1:52014]","twitter":{"email":"m71z9km22eb@outlook.com","f2aToken":"QGFXRD6XCWKE5RAD","id":11,"password":"CyvV$veMSVV9ry","username":"omtgg37867213"},"usable":false,"wSHeaders":{}}