{"accountBaseInfo":{"browserEnvId":7,"email":"wlfwvyewm@mailxw.com","id":7,"password":"123456789HeLei","proxyId":7,"restHeaders":{},"signUp":true,"twitterId":7,"type":"xinglan","wSHeaders":{}},"browserEnv":{"headers":{"user-agent":"Mozilla/55.0 (Windows NT 10.0; Win64; x64) AppleWebKit/537.36 (KHTML, like Gecko) Chrome/130.0.6723.58 Safari/537.36"},"id":7},"connectStatusInfo":{"connectStatus":"NEW","errorHeartBeat":0,"heartBeat":0,"restart":0},"name":"wlfwvyewm@mailxw.com","params":{"email_verified":"false"},"proxy":{"address":{"address":"127.0.0.1","port":52010},"addressStr":"127.0.0.1:52010","host":"127.0.0.1","id":7,"port":52010,"proxyProtocal":"HTTP","proxyType":"DYNAMIC"},"restHeaders":{},"rewordInfo":{},"simpleInfo":"7-账户[wlfwvyewm@mailxw.com]-代理[127.0.0.1:52010]","twitter":{"email":"hz8z2t27l@outlook.com","f2aToken":"FUT7L2RUG7QVFB2Q","id":7,"password":"n!i*4wV@rdTfG6","username":"fajet78759845"},"usable":false,"wSHeaders":{}}