{"accountBaseInfo":{"browserEnvId":43,"email":"pcwxmlwff@mailxw.com","id":43,"password":"123456789HeLei","restHeaders":{},"signUp":true,"twitterId":43,"type":"xinglan","wSHeaders":{}},"browserEnv":{"headers":{"user-agent":"Mozilla/55.0 (Windows NT 10.0; Win64; x64) AppleWebKit/537.36 (KHTML, like Gecko) Chrome/130.0.6723.116 Safari/537.36"},"id":43},"connectStatusInfo":{"connectStatus":"NEW","errorHeartBeat":0,"heartBeat":0,"restart":0},"name":"pcwxmlwff@mailxw.com","params":{"email_verified":"false"},"proxy":{"address":{"address":"127.0.0.1","port":52022},"addressStr":"127.0.0.1:52022","host":"127.0.0.1","id":19,"port":52022,"proxyProtocal":"HTTP","proxyType":"DYNAMIC"},"restHeaders":{},"rewordInfo":{},"simpleInfo":"43-账户[pcwxmlwff@mailxw.com]-代理[127.0.0.1:52022]","twitter":{"email":"n8s16tizwdr0j@hotmail.com","f2aToken":"7DBTAACK2FZHIUPN","id":43,"password":"#WTQ!D2!6MoTgC","username":"quoze59943919"},"usable":false,"wSHeaders":{}}