{"accountBaseInfo":{"browserEnvId":19,"email":"nfvvjbdtym@mailxw.com","id":19,"password":"123456789HeLei","proxyId":19,"restHeaders":{},"twitterId":19,"type":"xinglan","wSHeaders":{}},"browserEnv":{"headers":{"user-agent":"Mozilla/55.0 (Windows NT 10.0; Win64; x64) AppleWebKit/537.36 (KHTML, like Gecko) Chrome/130.0.6723.92 Safari/537.36"},"id":19},"connectStatusInfo":{"connectStatus":"NEW","errorHeartBeat":0,"heartBeat":0,"restart":0},"name":"nfvvjbdtym@mailxw.com","params":{},"proxy":{"address":{"address":"127.0.0.1","port":52022},"addressStr":"127.0.0.1:52022","host":"127.0.0.1","id":19,"port":52022,"proxyProtocal":"HTTP","proxyType":"DYNAMIC"},"restHeaders":{},"simpleInfo":"账户[nfvvjbdtym@mailxw.com]-代理[127.0.0.1:52022]","twitter":{"email":"kv4plywnv@hotmail.com","f2aToken":"BIBKPSDL2QBTSUQH","id":19,"password":"FZJPfbg%%%rj%i","username":"iusuv36764879"},"usable":false,"wSHeaders":{}}