{"accountBaseInfo":{"browserEnvId":34,"email":"ngkuoejdkd@mailxw.com","id":34,"password":"123456789HeLei","restHeaders":{},"signUp":true,"twitterId":34,"type":"xinglan","wSHeaders":{}},"browserEnv":{"headers":{"user-agent":"Mozilla/55.0 (Windows NT 10.0; Win64; x64) AppleWebKit/537.36 (KHTML, like Gecko) Chrome/130.0.6723.92 Safari/537.36"},"id":34},"connectStatusInfo":{"connectStatus":"NEW","errorHeartBeat":0,"heartBeat":0,"restart":0},"name":"ngkuoejdkd@mailxw.com","params":{"email_verified":"false"},"proxy":{"address":{"address":"127.0.0.1","port":52013},"addressStr":"127.0.0.1:52013","host":"127.0.0.1","id":10,"port":52013,"proxyProtocal":"HTTP","proxyType":"DYNAMIC"},"restHeaders":{},"rewordInfo":{},"simpleInfo":"34-账户[ngkuoejdkd@mailxw.com]-代理[127.0.0.1:52013]","twitter":{"email":"viishfoffa97@hotmail.com","f2aToken":"TO35WKFSF3CVBVML","id":34,"password":"*)QKjAtBeofBF%","username":"wmoqu76559927"},"usable":false,"wSHeaders":{}}