{"accountBaseInfo":{"browserEnvId":31,"email":"azdbrmkjj@mailxw.com","id":31,"password":"123456789HeLei","restHeaders":{},"signUp":true,"twitterId":31,"type":"xinglan","wSHeaders":{}},"browserEnv":{"headers":{"user-agent":"Mozilla/55.0 (Windows NT 10.0; Win64; x64) AppleWebKit/537.36 (KHTML, like Gecko) Chrome/130.0.6723.70 Safari/537.36"},"id":31},"connectStatusInfo":{"connectStatus":"NEW","errorHeartBeat":0,"heartBeat":0,"restart":0},"name":"azdbrmkjj@mailxw.com","params":{"email_verified":"false"},"proxy":{"address":{"address":"127.0.0.1","port":52010},"addressStr":"127.0.0.1:52010","host":"127.0.0.1","id":7,"port":52010,"proxyProtocal":"HTTP","proxyType":"DYNAMIC"},"restHeaders":{},"rewordInfo":{},"simpleInfo":"31-账户[azdbrmkjj@mailxw.com]-代理[127.0.0.1:52010]","twitter":{"email":"kominoledvi@hotmail.com","f2aToken":"CUWRSJ2U5F6KEIJG","id":31,"password":"jUj(8&f61&99@w","username":"ulsep89439382"},"usable":false,"wSHeaders":{}}