{"accountBaseInfo":{"browserEnvId":49,"email":"iqxxszsmn@mailxw.com","id":49,"password":"123456789HeLei","restHeaders":{},"signUp":true,"twitterId":49,"type":"xinglan","wSHeaders":{}},"browserEnv":{"headers":{"user-agent":"Mozilla/55.0 (Windows NT 10.0; Win64; x64) AppleWebKit/537.36 (KHTML, like Gecko) Chrome/129.0.6668.90 Safari/537.36"},"id":49},"connectStatusInfo":{"connectStatus":"NEW","errorHeartBeat":0,"heartBeat":0,"restart":0},"name":"iqxxszsmn@mailxw.com","params":{"email_verified":"false"},"proxy":{"address":{"address":"127.0.0.1","port":52004},"addressStr":"127.0.0.1:52004","host":"127.0.0.1","id":1,"port":52004,"proxyProtocal":"HTTP","proxyType":"DYNAMIC"},"restHeaders":{},"rewordInfo":{},"simpleInfo":"49-账户[iqxxszsmn@mailxw.com]-代理[127.0.0.1:52004]","twitter":{"email":"chhxij3e33a4w@hotmail.com","f2aToken":"DMLPUQX4GG3Q4LWK","id":49,"password":"&hW2lIR(3UlG4K","username":"ytbin77993989"},"usable":false,"wSHeaders":{}}