{"accountBaseInfo":{"browserEnvId":2,"email":"yzayxklc@mailxw.com","id":2,"password":"123456789HeLei","proxyId":2,"restHeaders":{},"twitterId":2,"type":"xinglan","wSHeaders":{}},"browserEnv":{"headers":{"user-agent":"Mozilla/55.0 (Windows NT 10.0; Win64; x64) AppleWebKit/537.36 (KHTML, like Gecko) Chrome/127.0.6533.119 Safari/537.36"},"id":2},"connectStatusInfo":{"connectStatus":"NEW","errorHeartBeat":0,"heartBeat":0,"restart":0},"name":"yzayxklc@mailxw.com","params":{},"proxy":{"address":{"address":"127.0.0.1","port":52005},"addressStr":"127.0.0.1:52005","host":"127.0.0.1","id":2,"port":52005,"proxyProtocal":"HTTP","proxyType":"DYNAMIC"},"restHeaders":{},"simpleInfo":"账户[yzayxklc@mailxw.com]-代理[127.0.0.1:52005]","twitter":{"email":"ztphfugbtgs77@hotmail.com","f2aToken":"IONUSSK7PM2CHE33","id":2,"password":"WYnY(nsi*%*$P@","username":"xrtjr83712216"},"usable":false,"wSHeaders":{}}