{"accountBaseInfo":{"browserEnvId":45,"email":"nxghxhslbu@mailxw.com","id":45,"password":"123456789HeLei","restHeaders":{},"twitterId":45,"type":"xinglan","wSHeaders":{}},"browserEnv":{"headers":{"user-agent":"Mozilla/55.0 (Windows NT 10.0; Win64; x64) AppleWebKit/537.36 (KHTML, like Gecko) Chrome/129.0.6668.70 Safari/537.36"},"id":45},"connectStatusInfo":{"connectStatus":"NEW","errorHeartBeat":0,"heartBeat":0,"restart":0},"name":"nxghxhslbu@mailxw.com","params":{},"proxy":{"address":{"address":"127.0.0.1","port":52024},"addressStr":"127.0.0.1:52024","host":"127.0.0.1","id":21,"port":52024,"proxyProtocal":"HTTP","proxyType":"DYNAMIC"},"restHeaders":{},"simpleInfo":"账户[nxghxhslbu@mailxw.com]-代理[127.0.0.1:52024]","twitter":{"email":"qjwrw3o48h4i4@hotmail.com","f2aToken":"G5EED2PKDAEZJ4BX","id":45,"password":"rw)QF8VtfhVY%b","username":"lwwug75212768"},"usable":false,"wSHeaders":{}}