{"accountBaseInfo":{"email":"qjxvjeywvy@mailxw.com","id":50,"password":"123456789HeLei","restHeaders":{},"signUp":true,"type":"xinglan","wSHeaders":{}},"browserEnv":{"headers":{"user-agent":"Mozilla/55.0 (Windows NT 10.0; Win64; x64) AppleWebKit/537.36 (KHTML, like Gecko) Chrome/128.0.6613.120 Safari/537.36"},"id":0},"connectStatusInfo":{"connectStatus":"NEW","errorHeartBeat":0,"heartBeat":0,"restart":0},"name":"qjxvjeywvy@mailxw.com","params":{"email_verified":"false"},"proxy":{"address":{"address":"127.0.0.1","port":52005},"addressStr":"127.0.0.1:52005","host":"127.0.0.1","id":2,"port":52005,"proxyProtocal":"HTTP","proxyType":"DYNAMIC"},"restHeaders":{},"rewordInfo":{},"simpleInfo":"50-账户[qjxvjeywvy@mailxw.com]-代理[127.0.0.1:52005]","usable":false,"wSHeaders":{}}