{"accountBaseInfo":{"browserEnvId":12,"email":"vfgpteldi@mailxw.com","id":12,"password":"123456789HeLei","proxyId":12,"restHeaders":{},"signUp":true,"twitterId":12,"type":"xinglan","wSHeaders":{}},"browserEnv":{"headers":{"user-agent":"Mozilla/55.0 (Windows NT 10.0; Win64; x64) AppleWebKit/537.36 (KHTML, like Gecko) Chrome/130.0.6723.70 Safari/537.36"},"id":12},"connectStatusInfo":{"connectStatus":"NEW","errorHeartBeat":0,"heartBeat":0,"restart":0},"name":"vfgpteldi@mailxw.com","params":{"email_verified":"false"},"proxy":{"address":{"address":"127.0.0.1","port":52015},"addressStr":"127.0.0.1:52015","host":"127.0.0.1","id":12,"port":52015,"proxyProtocal":"HTTP","proxyType":"DYNAMIC"},"restHeaders":{},"rewordInfo":{},"simpleInfo":"12-账户[vfgpteldi@mailxw.com]-代理[127.0.0.1:52015]","twitter":{"email":"fuz5x04ly@outlook.com","f2aToken":"ZDZDVJVBQTPK4JOD","id":12,"password":"yQ&kQ*P&5M@ISp","username":"fskmn63733285"},"usable":false,"wSHeaders":{}}