{"accountBaseInfo":{"browserEnvId":16,"email":"ntjazuyi@mailxw.com","id":16,"password":"123456789HeLei","proxyId":16,"restHeaders":{},"twitterId":16,"type":"xinglan","wSHeaders":{}},"browserEnv":{"headers":{"user-agent":"Mozilla/55.0 (Windows NT 10.0; Win64; x64) AppleWebKit/537.36 (KHTML, like Gecko) Chrome/130.0.6723.117 Safari/537.36"},"id":16},"connectStatusInfo":{"connectStatus":"NEW","errorHeartBeat":0,"heartBeat":0,"restart":0},"name":"ntjazuyi@mailxw.com","params":{},"proxy":{"address":{"address":"127.0.0.1","port":52019},"addressStr":"127.0.0.1:52019","host":"127.0.0.1","id":16,"port":52019,"proxyProtocal":"HTTP","proxyType":"DYNAMIC"},"restHeaders":{},"simpleInfo":"账户[ntjazuyi@mailxw.com]-代理[127.0.0.1:52019]","twitter":{"email":"eel0jyuzw@hotmail.com","f2aToken":"BXMTR3PX3QV6KK2G","id":16,"password":"JNRwB6g2LT6mK4","username":"udcgj72173895"},"usable":false,"wSHeaders":{}}