{"accountBaseInfo":{"browserEnvId":47,"email":"zqfbfmygxi@mailxw.com","id":47,"password":"123456789HeLei","restHeaders":{},"twitterId":47,"type":"xinglan","wSHeaders":{}},"browserEnv":{"headers":{"user-agent":"Mozilla/55.0 (Windows NT 10.0; Win64; x64) AppleWebKit/537.36 (KHTML, like Gecko) Chrome/129.0.6668.71 Safari/537.36"},"id":47},"connectStatusInfo":{"connectStatus":"NEW","errorHeartBeat":0,"heartBeat":0,"restart":0},"name":"zqfbfmygxi@mailxw.com","params":{},"proxy":{"address":{"address":"127.0.0.1","port":52026},"addressStr":"127.0.0.1:52026","host":"127.0.0.1","id":23,"port":52026,"proxyProtocal":"HTTP","proxyType":"DYNAMIC"},"restHeaders":{},"simpleInfo":"账户[zqfbfmygxi@mailxw.com]-代理[127.0.0.1:52026]","twitter":{"email":"zwwqld10d2lv@outlook.com","f2aToken":"VNS2WIMT77EFKCNR","id":47,"password":"BTf9*AtqTjOzgx","username":"ttywx87786296"},"usable":false,"wSHeaders":{}}