{"accountBaseInfo":{"browserEnvId":48,"email":"tmloyqkbpg@mailxw.com","id":48,"password":"123456789HeLei","restHeaders":{},"twitterId":48,"type":"xinglan","wSHeaders":{}},"browserEnv":{"headers":{"user-agent":"Mozilla/55.0 (Windows NT 10.0; Win64; x64) AppleWebKit/537.36 (KHTML, like Gecko) Chrome/130.0.6723.92 Safari/537.36"},"id":48},"connectStatusInfo":{"connectStatus":"NEW","errorHeartBeat":0,"heartBeat":0,"restart":0},"name":"tmloyqkbpg@mailxw.com","params":{},"proxy":{"address":{"address":"127.0.0.1","port":52003},"addressStr":"127.0.0.1:52003","host":"127.0.0.1","id":0,"port":52003,"proxyProtocal":"HTTP","proxyType":"DYNAMIC"},"restHeaders":{},"simpleInfo":"账户[tmloyqkbpg@mailxw.com]-代理[127.0.0.1:52003]","twitter":{"email":"y8f0daytnuj2n@hotmail.com","f2aToken":"QRLYB2BINAQM2GCW","id":48,"password":"My5Q4UsCaZMz5A","username":"zemqu59383237"},"usable":false,"wSHeaders":{}}