{"accountBaseInfo":{"email":"cotptxxopj@mailxw.com","id":77,"password":"123456789HeLei","restHeaders":{},"type":"xinglan","wSHeaders":{}},"browserEnv":{"headers":{"user-agent":"Mozilla/55.0 (Windows NT 10.0; Win64; x64) AppleWebKit/537.36 (KHTML, like Gecko) Chrome/130.0.6723.70 Safari/537.36"},"id":27},"connectStatusInfo":{"connectStatus":"NEW","errorHeartBeat":0,"heartBeat":0,"restart":0},"name":"cotptxxopj@mailxw.com","params":{},"proxy":{"address":{"address":"127.0.0.1","port":52008},"addressStr":"127.0.0.1:52008","host":"127.0.0.1","id":5,"port":52008,"proxyProtocal":"HTTP","proxyType":"DYNAMIC"},"restHeaders":{},"simpleInfo":"账户[cotptxxopj@mailxw.com]-代理[127.0.0.1:52008]","usable":false,"wSHeaders":{}}