{"accountBaseInfo":{"email":"beadiyplw@mailxw.com","id":89,"password":"123456789HeLei","restHeaders":{},"type":"xinglan","wSHeaders":{}},"browserEnv":{"headers":{"user-agent":"Mozilla/55.0 (Windows NT 10.0; Win64; x64) AppleWebKit/537.36 (KHTML, like Gecko) Chrome/130.0.6723.117 Safari/537.36"},"id":39},"connectStatusInfo":{"connectStatus":"NEW","errorHeartBeat":0,"heartBeat":0,"restart":0},"name":"beadiyplw@mailxw.com","params":{},"proxy":{"address":{"address":"127.0.0.1","port":52020},"addressStr":"127.0.0.1:52020","host":"127.0.0.1","id":17,"port":52020,"proxyProtocal":"HTTP","proxyType":"DYNAMIC"},"restHeaders":{},"simpleInfo":"账户[beadiyplw@mailxw.com]-代理[127.0.0.1:52020]","usable":false,"wSHeaders":{}}