{"accountBaseInfo":{"browserEnvId":5,"email":"pzgfjyipec@mailxw.com","id":5,"password":"123456789HeLei","proxyId":5,"restHeaders":{},"signUp":true,"twitterId":5,"type":"xinglan","wSHeaders":{}},"browserEnv":{"headers":{"user-agent":"Mozilla/55.0 (Windows NT 10.0; Win64; x64) AppleWebKit/537.36 (KHTML, like Gecko) Chrome/130.0.6723.116 Safari/537.36"},"id":5},"connectStatusInfo":{"connectStatus":"NEW","errorHeartBeat":0,"heartBeat":0,"restart":0},"name":"pzgfjyipec@mailxw.com","params":{"email_verified":"false"},"proxy":{"address":{"address":"127.0.0.1","port":52008},"addressStr":"127.0.0.1:52008","host":"127.0.0.1","id":5,"port":52008,"proxyProtocal":"HTTP","proxyType":"DYNAMIC"},"restHeaders":{},"rewordInfo":{},"simpleInfo":"5-账户[pzgfjyipec@mailxw.com]-代理[127.0.0.1:52008]","twitter":{"email":"hikriwodemu@outlook.com","f2aToken":"2LFGFQEZ7NPCV2KQ","id":5,"password":"fT%1ar$^CVTKnP","username":"gnjag74165476"},"usable":false,"wSHeaders":{}}