{"accountBaseInfo":{"email":"axhopbvng@mailxw.com","id":78,"password":"123456789HeLei","restHeaders":{},"type":"xinglan","wSHeaders":{}},"browserEnv":{"headers":{"user-agent":"Mozilla/55.0 (Windows NT 10.0; Win64; x64) AppleWebKit/537.36 (KHTML, like Gecko) Chrome/129.0.6668.101 Safari/537.36"},"id":28},"connectStatusInfo":{"connectStatus":"NEW","errorHeartBeat":0,"heartBeat":0,"restart":0},"name":"axhopbvng@mailxw.com","params":{},"proxy":{"address":{"address":"127.0.0.1","port":52009},"addressStr":"127.0.0.1:52009","host":"127.0.0.1","id":6,"port":52009,"proxyProtocal":"HTTP","proxyType":"DYNAMIC"},"restHeaders":{},"simpleInfo":"账户[axhopbvng@mailxw.com]-代理[127.0.0.1:52009]","usable":false,"wSHeaders":{}}