{"accountBaseInfo":{"browserEnvId":3,"email":"fpjgiopf@mailxw.com","id":3,"password":"123456789HeLei","proxyId":3,"restHeaders":{},"twitterId":3,"type":"xinglan","wSHeaders":{}},"browserEnv":{"headers":{"user-agent":"Mozilla/55.0 (Windows NT 10.0; Win64; x64) AppleWebKit/537.36 (KHTML, like Gecko) Chrome/129.0.6668.101 Safari/537.36"},"id":3},"connectStatusInfo":{"connectStatus":"NEW","errorHeartBeat":0,"heartBeat":0,"restart":0},"name":"fpjgiopf@mailxw.com","params":{},"proxy":{"address":{"address":"127.0.0.1","port":52006},"addressStr":"127.0.0.1:52006","host":"127.0.0.1","id":3,"port":52006,"proxyProtocal":"HTTP","proxyType":"DYNAMIC"},"restHeaders":{},"simpleInfo":"账户[fpjgiopf@mailxw.com]-代理[127.0.0.1:52006]","twitter":{"email":"m5bozwhvfa@hotmail.com","f2aToken":"DHQL36AAHLQAPVVC","id":3,"password":"bqaOlto)7CGiV0","username":"qlbbs19556973"},"usable":false,"wSHeaders":{}}