{"accountBaseInfo":{"browserEnvId":30,"email":"qvnslhqktq@mailxw.com","id":30,"password":"123456789HeLei","restHeaders":{},"twitterId":30,"type":"xinglan","wSHeaders":{}},"browserEnv":{"headers":{"user-agent":"Mozilla/55.0 (Windows NT 10.0; Win64; x64) AppleWebKit/537.36 (KHTML, like Gecko) Chrome/130.0.6723.58 Safari/537.36"},"id":30},"connectStatusInfo":{"connectStatus":"NEW","errorHeartBeat":0,"heartBeat":0,"restart":0},"name":"qvnslhqktq@mailxw.com","params":{},"proxy":{"address":{"address":"127.0.0.1","port":52009},"addressStr":"127.0.0.1:52009","host":"127.0.0.1","id":6,"port":52009,"proxyProtocal":"HTTP","proxyType":"DYNAMIC"},"restHeaders":{},"simpleInfo":"账户[qvnslhqktq@mailxw.com]-代理[127.0.0.1:52009]","twitter":{"email":"gc8xyjn8r8z@outlook.com","f2aToken":"PGXHTTYZDURH5YDM","id":30,"password":"!9RC(mZN^hPp5z","username":"ttwow72422549"},"usable":false,"wSHeaders":{}}