{"accountBaseInfo":{"email":"fviqlygly@mailxw.com","id":80,"password":"123456789HeLei","restHeaders":{},"signUp":true,"type":"xinglan","wSHeaders":{}},"browserEnv":{"headers":{"user-agent":"Mozilla/55.0 (Windows NT 10.0; Win64; x64) AppleWebKit/537.36 (KHTML, like Gecko) Chrome/130.0.6723.58 Safari/537.36"},"id":30},"connectStatusInfo":{"connectStatus":"NEW","errorHeartBeat":0,"heartBeat":0,"restart":0},"name":"fviqlygly@mailxw.com","params":{"email_verified":"false"},"proxy":{"address":{"address":"127.0.0.1","port":52011},"addressStr":"127.0.0.1:52011","host":"127.0.0.1","id":8,"port":52011,"proxyProtocal":"HTTP","proxyType":"DYNAMIC"},"restHeaders":{},"rewordInfo":{},"simpleInfo":"80-账户[fviqlygly@mailxw.com]-代理[127.0.0.1:52011]","usable":false,"wSHeaders":{}}