{"accountBaseInfo":{"email":"hbauukhm@mailxw.com","id":81,"password":"123456789HeLei","restHeaders":{},"signUp":true,"type":"xinglan","wSHeaders":{}},"browserEnv":{"headers":{"user-agent":"Mozilla/55.0 (Windows NT 10.0; Win64; x64) AppleWebKit/537.36 (KHTML, like Gecko) Chrome/130.0.6723.70 Safari/537.36"},"id":31},"connectStatusInfo":{"connectStatus":"NEW","errorHeartBeat":0,"heartBeat":0,"restart":0},"name":"hbauukhm@mailxw.com","params":{"email_verified":"false"},"proxy":{"address":{"address":"127.0.0.1","port":52012},"addressStr":"127.0.0.1:52012","host":"127.0.0.1","id":9,"port":52012,"proxyProtocal":"HTTP","proxyType":"DYNAMIC"},"restHeaders":{},"rewordInfo":{},"simpleInfo":"81-账户[hbauukhm@mailxw.com]-代理[127.0.0.1:52012]","usable":false,"wSHeaders":{}}