{"accountBaseInfo":{"browserEnvId":1,"email":"zyrboopayc@mailxw.com","id":1,"password":"123456789HeLei","proxyId":1,"restHeaders":{},"twitterId":1,"type":"xinglan","wSHeaders":{}},"browserEnv":{"headers":{"user-agent":"Mozilla/55.0 (Windows NT 10.0; Win64; x64) AppleWebKit/537.36 (KHTML, like Gecko) Chrome/130.0.6723.70 Safari/537.36"},"id":1},"connectStatusInfo":{"connectStatus":"NEW","errorHeartBeat":0,"heartBeat":0,"restart":0},"name":"zyrboopayc@mailxw.com","params":{},"proxy":{"address":{"address":"127.0.0.1","port":52004},"addressStr":"127.0.0.1:52004","host":"127.0.0.1","id":1,"port":52004,"proxyProtocal":"HTTP","proxyType":"DYNAMIC"},"restHeaders":{},"simpleInfo":"账户[zyrboopayc@mailxw.com]-代理[127.0.0.1:52004]","twitter":{"email":"ayanleurtis@hotmail.com","f2aToken":"W6HAXXY3IIYLBUDP","id":1,"password":"jwQUOrsdCCR3dd","username":"qljxh36986541"},"usable":false,"wSHeaders":{}}