{"accountBaseInfo":{"email":"gwmcjibdvi@mailxw.com","id":63,"password":"123456789HeLei","restHeaders":{},"signUp":true,"type":"xinglan","wSHeaders":{}},"browserEnv":{"headers":{"user-agent":"Mozilla/55.0 (Windows NT 10.0; Win64; x64) AppleWebKit/537.36 (KHTML, like Gecko) Chrome/130.0.6723.92 Safari/537.36"},"id":13},"connectStatusInfo":{"connectStatus":"NEW","errorHeartBeat":0,"heartBeat":0,"restart":0},"name":"gwmcjibdvi@mailxw.com","params":{"email_verified":"false"},"proxy":{"address":{"address":"127.0.0.1","port":52018},"addressStr":"127.0.0.1:52018","host":"127.0.0.1","id":15,"port":52018,"proxyProtocal":"HTTP","proxyType":"DYNAMIC"},"restHeaders":{},"rewordInfo":{},"simpleInfo":"63-账户[gwmcjibdvi@mailxw.com]-代理[127.0.0.1:52018]","usable":false,"wSHeaders":{}}