{"accountBaseInfo":{"browserEnvId":39,"email":"nevwaugbqi@mailxw.com","id":39,"password":"123456789HeLei","restHeaders":{},"twitterId":39,"type":"xinglan","wSHeaders":{}},"browserEnv":{"headers":{"user-agent":"Mozilla/55.0 (Windows NT 10.0; Win64; x64) AppleWebKit/537.36 (KHTML, like Gecko) Chrome/130.0.6723.117 Safari/537.36"},"id":39},"connectStatusInfo":{"connectStatus":"NEW","errorHeartBeat":0,"heartBeat":0,"restart":0},"name":"nevwaugbqi@mailxw.com","params":{},"proxy":{"address":{"address":"127.0.0.1","port":52018},"addressStr":"127.0.0.1:52018","host":"127.0.0.1","id":15,"port":52018,"proxyProtocal":"HTTP","proxyType":"DYNAMIC"},"restHeaders":{},"simpleInfo":"账户[nevwaugbqi@mailxw.com]-代理[127.0.0.1:52018]","twitter":{"email":"msoakusazt@hotmail.com","f2aToken":"UPZJPFJLR2DFDZ7B","id":39,"password":"oqKKgP!BsaKKow","username":"frlcv83747555"},"usable":false,"wSHeaders":{}}