{"accountBaseInfo":{"browserEnvId":23,"email":"tzurqbqoel@mailxw.com","id":23,"password":"123456789HeLei","proxyId":23,"restHeaders":{},"twitterId":23,"type":"xinglan","wSHeaders":{}},"browserEnv":{"headers":{"user-agent":"Mozilla/55.0 (Windows NT 10.0; Win64; x64) AppleWebKit/537.36 (KHTML, like Gecko) Chrome/130.0.6723.92 Safari/537.36"},"id":23},"connectStatusInfo":{"connectStatus":"NEW","errorHeartBeat":0,"heartBeat":0,"restart":0},"name":"tzurqbqoel@mailxw.com","params":{},"proxy":{"address":{"address":"127.0.0.1","port":52026},"addressStr":"127.0.0.1:52026","host":"127.0.0.1","id":23,"port":52026,"proxyProtocal":"HTTP","proxyType":"DYNAMIC"},"restHeaders":{},"simpleInfo":"账户[tzurqbqoel@mailxw.com]-代理[127.0.0.1:52026]","twitter":{"email":"ueudup8o8orn@hotmail.com","f2aToken":"DKBFNP3A5YTXLBW4","id":23,"password":"UwdN!!O#^7BOHW","username":"kxexr66259358"},"usable":false,"wSHeaders":{}}