{"accountBaseInfo":{"browserEnvId":22,"email":"gtsvagaok@mailxw.com","id":22,"password":"123456789HeLei","proxyId":22,"restHeaders":{},"twitterId":22,"type":"xinglan","wSHeaders":{}},"browserEnv":{"headers":{"user-agent":"Mozilla/55.0 (Windows NT 10.0; Win64; x64) AppleWebKit/537.36 (KHTML, like Gecko) Chrome/130.0.6723.116 Safari/537.36"},"id":22},"connectStatusInfo":{"connectStatus":"NEW","errorHeartBeat":0,"heartBeat":0,"restart":0},"name":"gtsvagaok@mailxw.com","params":{},"proxy":{"address":{"address":"127.0.0.1","port":52025},"addressStr":"127.0.0.1:52025","host":"127.0.0.1","id":22,"port":52025,"proxyProtocal":"HTTP","proxyType":"DYNAMIC"},"restHeaders":{},"simpleInfo":"账户[gtsvagaok@mailxw.com]-代理[127.0.0.1:52025]","twitter":{"email":"fjvsm455tt2yj@hotmail.com","f2aToken":"OCEXSII6GA4GH5EC","id":22,"password":"*wikqTYC&mDy9o","username":"utebd77355968"},"usable":false,"wSHeaders":{}}