{"accountBaseInfo":{"browserEnvId":24,"email":"gtabbypqbb@mailxw.com","id":24,"password":"123456789HeLei","restHeaders":{},"twitterId":24,"type":"xinglan","wSHeaders":{}},"browserEnv":{"headers":{"user-agent":"Mozilla/55.0 (Windows NT 10.0; Win64; x64) AppleWebKit/537.36 (KHTML, like Gecko) Chrome/130.0.6723.92 Safari/537.36"},"id":24},"connectStatusInfo":{"connectStatus":"NEW","errorHeartBeat":0,"heartBeat":0,"restart":0},"name":"gtabbypqbb@mailxw.com","params":{},"proxy":{"address":{"address":"127.0.0.1","port":52003},"addressStr":"127.0.0.1:52003","host":"127.0.0.1","id":0,"port":52003,"proxyProtocal":"HTTP","proxyType":"DYNAMIC"},"restHeaders":{},"simpleInfo":"账户[gtabbypqbb@mailxw.com]-代理[127.0.0.1:52003]","twitter":{"email":"z1bce0eklq@hotmail.com","f2aToken":"3X6DPGQMUDVIOHLR","id":24,"password":"%po9NzDbaf@@YT","username":"isqwk56171547"},"usable":false,"wSHeaders":{}}