{"accountBaseInfo":{"browserEnvId":14,"email":"fwxezydqdu@mailxw.com","id":14,"password":"123456789HeLei","proxyId":14,"restHeaders":{},"twitterId":14,"type":"xinglan","wSHeaders":{}},"browserEnv":{"headers":{"user-agent":"Mozilla/55.0 (Windows NT 10.0; Win64; x64) AppleWebKit/537.36 (KHTML, like Gecko) Chrome/130.0.6723.70 Safari/537.36"},"id":14},"connectStatusInfo":{"connectStatus":"NEW","errorHeartBeat":0,"heartBeat":0,"restart":0},"name":"fwxezydqdu@mailxw.com","params":{},"proxy":{"address":{"address":"127.0.0.1","port":52017},"addressStr":"127.0.0.1:52017","host":"127.0.0.1","id":14,"port":52017,"proxyProtocal":"HTTP","proxyType":"DYNAMIC"},"restHeaders":{},"simpleInfo":"账户[fwxezydqdu@mailxw.com]-代理[127.0.0.1:52017]","twitter":{"email":"ibt5jxmbxk@outlook.com","f2aToken":"YTYRY64GXFKG3BP4","id":14,"password":"HthRnj!X27F@rR","username":"hydnd62166442"},"usable":false,"wSHeaders":{}}