{"accountBaseInfo":{"email":"wxqvyyovfg@mailxw.com","id":55,"password":"123456789HeLei","restHeaders":{},"type":"xinglan","wSHeaders":{}},"browserEnv":{"headers":{"user-agent":"Mozilla/55.0 (Windows NT 10.0; Win64; x64) AppleWebKit/537.36 (KHTML, like Gecko) Chrome/130.0.6723.116 Safari/537.36"},"id":5},"connectStatusInfo":{"connectStatus":"NEW","errorHeartBeat":0,"heartBeat":0,"restart":0},"name":"wxqvyyovfg@mailxw.com","params":{},"proxy":{"address":{"address":"127.0.0.1","port":52010},"addressStr":"127.0.0.1:52010","host":"127.0.0.1","id":7,"port":52010,"proxyProtocal":"HTTP","proxyType":"DYNAMIC"},"restHeaders":{},"simpleInfo":"账户[wxqvyyovfg@mailxw.com]-代理[127.0.0.1:52010]","usable":false,"wSHeaders":{}}