{"accountBaseInfo":{"browserEnvId":38,"email":"snpetzks@mailxw.com","id":38,"password":"123456789HeLei","restHeaders":{},"signUp":true,"twitterId":38,"type":"xinglan","wSHeaders":{}},"browserEnv":{"headers":{"user-agent":"Mozilla/55.0 (Windows NT 10.0; Win64; x64) AppleWebKit/537.36 (KHTML, like Gecko) Chrome/129.0.6668.58 Safari/537.36"},"id":38},"connectStatusInfo":{"connectStatus":"NEW","errorHeartBeat":0,"heartBeat":0,"restart":0},"name":"snpetzks@mailxw.com","params":{"email_verified":"false"},"proxy":{"address":{"address":"127.0.0.1","port":52017},"addressStr":"127.0.0.1:52017","host":"127.0.0.1","id":14,"port":52017,"proxyProtocal":"HTTP","proxyType":"DYNAMIC"},"restHeaders":{},"rewordInfo":{},"simpleInfo":"38-账户[snpetzks@mailxw.com]-代理[127.0.0.1:52017]","twitter":{"email":"fr4lhk7lo26k@outlook.com","f2aToken":"DXRNG6BON4VKDW5T","id":38,"password":"*s%@%(2R&CLKL1","username":"whbdq32569926"},"usable":false,"wSHeaders":{}}