{"accountBaseInfo":{"email":"pzdrsevxlc@mailxw.com","id":95,"password":"123456789HeLei","restHeaders":{},"type":"xinglan","wSHeaders":{}},"browserEnv":{"headers":{"user-agent":"Mozilla/55.0 (Windows NT 10.0; Win64; x64) AppleWebKit/537.36 (KHTML, like Gecko) Chrome/129.0.6668.70 Safari/537.36"},"id":45},"connectStatusInfo":{"connectStatus":"NEW","errorHeartBeat":0,"heartBeat":0,"restart":0},"name":"pzdrsevxlc@mailxw.com","params":{},"proxy":{"address":{"address":"127.0.0.1","port":52026},"addressStr":"127.0.0.1:52026","host":"127.0.0.1","id":23,"port":52026,"proxyProtocal":"HTTP","proxyType":"DYNAMIC"},"restHeaders":{},"simpleInfo":"账户[pzdrsevxlc@mailxw.com]-代理[127.0.0.1:52026]","usable":false,"wSHeaders":{}}