{"accountBaseInfo":{"browserEnvId":21,"email":"twurkwxz@mailxw.com","id":21,"password":"123456789HeLei","proxyId":21,"restHeaders":{},"signUp":true,"twitterId":21,"type":"xinglan","wSHeaders":{}},"browserEnv":{"headers":{"user-agent":"Mozilla/55.0 (Windows NT 10.0; Win64; x64) AppleWebKit/537.36 (KHTML, like Gecko) Chrome/129.0.6668.59 Safari/537.36"},"id":21},"connectStatusInfo":{"connectStatus":"NEW","errorHeartBeat":0,"heartBeat":0,"restart":0},"name":"twurkwxz@mailxw.com","params":{"email_verified":"false"},"proxy":{"address":{"address":"127.0.0.1","port":52024},"addressStr":"127.0.0.1:52024","host":"127.0.0.1","id":21,"port":52024,"proxyProtocal":"HTTP","proxyType":"DYNAMIC"},"restHeaders":{},"rewordInfo":{},"simpleInfo":"21-账户[twurkwxz@mailxw.com]-代理[127.0.0.1:52024]","twitter":{"email":"szr6t5frv8f@outlook.com","f2aToken":"YTUJA22FMS3NJWTC","id":21,"password":"6cF7NzobxKm4M9","username":"iigcg53483988"},"usable":false,"wSHeaders":{}}