{"accountBaseInfo":{"browserEnvId":42,"email":"yvlckilwe@mailxw.com","id":42,"password":"123456789HeLei","restHeaders":{},"signUp":true,"twitterId":42,"type":"xinglan","wSHeaders":{}},"browserEnv":{"headers":{"user-agent":"Mozilla/55.0 (Windows NT 10.0; Win64; x64) AppleWebKit/537.36 (KHTML, like Gecko) Chrome/129.0.6668.58 Safari/537.36"},"id":42},"connectStatusInfo":{"connectStatus":"NEW","errorHeartBeat":0,"heartBeat":0,"restart":0},"name":"yvlckilwe@mailxw.com","params":{"email_verified":"false"},"proxy":{"address":{"address":"127.0.0.1","port":52021},"addressStr":"127.0.0.1:52021","host":"127.0.0.1","id":18,"port":52021,"proxyProtocal":"HTTP","proxyType":"DYNAMIC"},"restHeaders":{},"rewordInfo":{},"simpleInfo":"42-账户[yvlckilwe@mailxw.com]-代理[127.0.0.1:52021]","twitter":{"email":"fvb5tojse06ie@hotmail.com","f2aToken":"3KCRX422IT732CV5","id":42,"password":"UxdY&3TM)o^Zvp","username":"anvyh14954762"},"usable":false,"wSHeaders":{}}