{"accountBaseInfo":{"browserEnvId":10,"email":"oqwivjfpbv@mailxw.com","id":10,"password":"123456789HeLei","proxyId":10,"restHeaders":{},"signUp":true,"twitterId":10,"type":"xinglan","wSHeaders":{}},"browserEnv":{"headers":{"user-agent":"Mozilla/55.0 (Windows NT 10.0; Win64; x64) AppleWebKit/537.36 (KHTML, like Gecko) Chrome/130.0.6723.59 Safari/537.36"},"id":10},"connectStatusInfo":{"connectStatus":"NEW","errorHeartBeat":0,"heartBeat":0,"restart":0},"name":"oqwivjfpbv@mailxw.com","params":{"email_verified":"false"},"proxy":{"address":{"address":"127.0.0.1","port":52013},"addressStr":"127.0.0.1:52013","host":"127.0.0.1","id":10,"port":52013,"proxyProtocal":"HTTP","proxyType":"DYNAMIC"},"restHeaders":{},"rewordInfo":{},"simpleInfo":"10-账户[oqwivjfpbv@mailxw.com]-代理[127.0.0.1:52013]","twitter":{"email":"vwkyj30nmc1v@hotmail.com","f2aToken":"N2RDXI5S32M32JGI","id":10,"password":"vM(UM69EZ0P9wu","username":"dlxli51797942"},"usable":false,"wSHeaders":{}}