{"accountBaseInfo":{"email":"ososhgoapi@mailxw.com","id":52,"password":"123456789HeLei","restHeaders":{},"signUp":true,"type":"xinglan","wSHeaders":{}},"browserEnv":{"headers":{"user-agent":"Mozilla/55.0 (Windows NT 10.0; Win64; x64) AppleWebKit/537.36 (KHTML, like Gecko) Chrome/127.0.6533.119 Safari/537.36"},"id":2},"connectStatusInfo":{"connectStatus":"NEW","errorHeartBeat":0,"heartBeat":0,"restart":0},"name":"ososhgoapi@mailxw.com","params":{"email_verified":"false"},"proxy":{"address":{"address":"127.0.0.1","port":52007},"addressStr":"127.0.0.1:52007","host":"127.0.0.1","id":4,"port":52007,"proxyProtocal":"HTTP","proxyType":"DYNAMIC"},"restHeaders":{},"rewordInfo":{},"simpleInfo":"52-账户[ososhgoapi@mailxw.com]-代理[127.0.0.1:52007]","usable":false,"wSHeaders":{}}