{"accountBaseInfo":{"email":"qhzhmchdcv@mailxw.com","id":70,"password":"123456789HeLei","restHeaders":{},"type":"xinglan","wSHeaders":{}},"browserEnv":{"headers":{"user-agent":"Mozilla/55.0 (Windows NT 10.0; Win64; x64) AppleWebKit/537.36 (KHTML, like Gecko) Chrome/129.0.6668.100 Safari/537.36"},"id":20},"connectStatusInfo":{"connectStatus":"NEW","errorHeartBeat":0,"heartBeat":0,"restart":0},"name":"qhzhmchdcv@mailxw.com","params":{},"proxy":{"address":{"address":"127.0.0.1","port":52025},"addressStr":"127.0.0.1:52025","host":"127.0.0.1","id":22,"port":52025,"proxyProtocal":"HTTP","proxyType":"DYNAMIC"},"restHeaders":{},"simpleInfo":"账户[qhzhmchdcv@mailxw.com]-代理[127.0.0.1:52025]","usable":false,"wSHeaders":{}}