{"accountBaseInfo":{"browserEnvId":35,"email":"kyymccybxv@mailxw.com","id":35,"password":"123456789HeLei","restHeaders":{},"signUp":true,"twitterId":35,"type":"xinglan","wSHeaders":{}},"browserEnv":{"headers":{"user-agent":"Mozilla/55.0 (Windows NT 10.0; Win64; x64) AppleWebKit/537.36 (KHTML, like Gecko) Chrome/130.0.6723.117 Safari/537.36"},"id":35},"connectStatusInfo":{"connectStatus":"NEW","errorHeartBeat":0,"heartBeat":0,"restart":0},"name":"kyymccybxv@mailxw.com","params":{"email_verified":"false"},"proxy":{"address":{"address":"127.0.0.1","port":52014},"addressStr":"127.0.0.1:52014","host":"127.0.0.1","id":11,"port":52014,"proxyProtocal":"HTTP","proxyType":"DYNAMIC"},"restHeaders":{},"rewordInfo":{},"simpleInfo":"35-账户[kyymccybxv@mailxw.com]-代理[127.0.0.1:52014]","twitter":{"email":"em7fb4fevhu9@hotmail.com","f2aToken":"5JFGBAGP54HTY3PC","id":35,"password":"IYO30@E9qKL$Aa","username":"timar15667217"},"usable":false,"wSHeaders":{}}