{"accountBaseInfo":{"browserEnvId":37,"email":"khfnuupic@mailxw.com","id":37,"password":"123456789HeLei","restHeaders":{},"signUp":true,"twitterId":37,"type":"xinglan","wSHeaders":{}},"browserEnv":{"headers":{"user-agent":"Mozilla/55.0 (Windows NT 10.0; Win64; x64) AppleWebKit/537.36 (KHTML, like Gecko) Chrome/130.0.6723.59 Safari/537.36"},"id":37},"connectStatusInfo":{"connectStatus":"NEW","errorHeartBeat":0,"heartBeat":0,"restart":0},"name":"khfnuupic@mailxw.com","params":{"email_verified":"false"},"proxy":{"address":{"address":"127.0.0.1","port":52016},"addressStr":"127.0.0.1:52016","host":"127.0.0.1","id":13,"port":52016,"proxyProtocal":"HTTP","proxyType":"DYNAMIC"},"restHeaders":{},"rewordInfo":{},"simpleInfo":"37-账户[khfnuupic@mailxw.com]-代理[127.0.0.1:52016]","twitter":{"email":"j2osfio87@hotmail.com","f2aToken":"RJ3EUEJ65PTOINX3","id":37,"password":"hss8nm*Eq51LdV","username":"yvckp75959852"},"usable":false,"wSHeaders":{}}