{"accountBaseInfo":{"email":"lwlqwutuux@mailxw.com","id":98,"password":"123456789HeLei","restHeaders":{},"type":"xinglan","wSHeaders":{}},"browserEnv":{"headers":{"user-agent":"Mozilla/55.0 (Windows NT 10.0; Win64; x64) AppleWebKit/537.36 (KHTML, like Gecko) Chrome/130.0.6723.92 Safari/537.36"},"id":48},"connectStatusInfo":{"connectStatus":"NEW","errorHeartBeat":0,"heartBeat":0,"restart":0},"name":"lwlqwutuux@mailxw.com","params":{},"proxy":{"address":{"address":"127.0.0.1","port":52005},"addressStr":"127.0.0.1:52005","host":"127.0.0.1","id":2,"port":52005,"proxyProtocal":"HTTP","proxyType":"DYNAMIC"},"restHeaders":{},"simpleInfo":"账户[lwlqwutuux@mailxw.com]-代理[127.0.0.1:52005]","usable":false,"wSHeaders":{}}