{"accountBaseInfo":{"email":"ewvhinwyuv@mailxw.com","id":91,"password":"123456789HeLei","restHeaders":{},"signUp":true,"type":"xinglan","wSHeaders":{}},"browserEnv":{"headers":{"user-agent":"Mozilla/55.0 (Windows NT 10.0; Win64; x64) AppleWebKit/537.36 (KHTML, like Gecko) Chrome/130.0.6723.117 Safari/537.36"},"id":41},"connectStatusInfo":{"connectStatus":"NEW","errorHeartBeat":0,"heartBeat":0,"restart":0},"name":"ewvhinwyuv@mailxw.com","params":{"email_verified":"false"},"proxy":{"address":{"address":"127.0.0.1","port":52022},"addressStr":"127.0.0.1:52022","host":"127.0.0.1","id":19,"port":52022,"proxyProtocal":"HTTP","proxyType":"DYNAMIC"},"restHeaders":{},"rewordInfo":{},"simpleInfo":"91-账户[ewvhinwyuv@mailxw.com]-代理[127.0.0.1:52022]","usable":false,"wSHeaders":{}}