{"accountBaseInfo":{"email":"sctwhjpmzt@mailxw.com","id":56,"password":"123456789HeLei","restHeaders":{},"type":"xinglan","wSHeaders":{}},"browserEnv":{"headers":{"user-agent":"Mozilla/55.0 (Windows NT 10.0; Win64; x64) AppleWebKit/537.36 (KHTML, like Gecko) Chrome/130.0.6723.69 Safari/537.36"},"id":6},"connectStatusInfo":{"connectStatus":"NEW","errorHeartBeat":0,"heartBeat":0,"restart":0},"name":"sctwhjpmzt@mailxw.com","params":{},"proxy":{"address":{"address":"127.0.0.1","port":52011},"addressStr":"127.0.0.1:52011","host":"127.0.0.1","id":8,"port":52011,"proxyProtocal":"HTTP","proxyType":"DYNAMIC"},"restHeaders":{},"simpleInfo":"账户[sctwhjpmzt@mailxw.com]-代理[127.0.0.1:52011]","usable":false,"wSHeaders":{}}