{"accountBaseInfo":{"browserEnvId":36,"email":"tjpcmrlui@mailxw.com","id":36,"password":"123456789HeLei","restHeaders":{},"signUp":true,"twitterId":36,"type":"xinglan","wSHeaders":{}},"browserEnv":{"headers":{"user-agent":"Mozilla/55.0 (Windows NT 10.0; Win64; x64) AppleWebKit/537.36 (KHTML, like Gecko) Chrome/130.0.6723.91 Safari/537.36"},"id":36},"connectStatusInfo":{"connectStatus":"NEW","errorHeartBeat":0,"heartBeat":0,"restart":0},"name":"tjpcmrlui@mailxw.com","params":{"email_verified":"false"},"proxy":{"address":{"address":"127.0.0.1","port":52015},"addressStr":"127.0.0.1:52015","host":"127.0.0.1","id":12,"port":52015,"proxyProtocal":"HTTP","proxyType":"DYNAMIC"},"restHeaders":{},"rewordInfo":{},"simpleInfo":"36-账户[tjpcmrlui@mailxw.com]-代理[127.0.0.1:52015]","twitter":{"email":"mlfbritz2k5@outlook.com","f2aToken":"2RCAZ644Q5CIKWJQ","id":36,"password":"f&rYRS%bE$kvjA","username":"ntlki94553365"},"usable":false,"wSHeaders":{}}