{"accountBaseInfo":{"browserEnvId":8,"email":"duqkexyj@mailxw.com","id":8,"password":"123456789HeLei","proxyId":8,"restHeaders":{},"twitterId":8,"type":"xinglan","wSHeaders":{}},"browserEnv":{"headers":{"user-agent":"Mozilla/55.0 (Windows NT 10.0; Win64; x64) AppleWebKit/537.36 (KHTML, like Gecko) Chrome/130.0.6723.70 Safari/537.36"},"id":8},"connectStatusInfo":{"connectStatus":"NEW","errorHeartBeat":0,"heartBeat":0,"restart":0},"name":"duqkexyj@mailxw.com","params":{},"proxy":{"address":{"address":"127.0.0.1","port":52011},"addressStr":"127.0.0.1:52011","host":"127.0.0.1","id":8,"port":52011,"proxyProtocal":"HTTP","proxyType":"DYNAMIC"},"restHeaders":{},"simpleInfo":"账户[duqkexyj@mailxw.com]-代理[127.0.0.1:52011]","twitter":{"email":"g67jntpizqedy@hotmail.com","f2aToken":"Z7MJOM23Q2Z7CT4J","id":8,"password":"s#mo(QvUeq0MM6","username":"qavlu37119263"},"usable":false,"wSHeaders":{}}