{"accountBaseInfo":{"email":"vioqisfhu@mailxw.com","id":75,"password":"123456789HeLei","restHeaders":{},"signUp":true,"type":"xinglan","wSHeaders":{}},"browserEnv":{"headers":{"user-agent":"Mozilla/55.0 (Windows NT 10.0; Win64; x64) AppleWebKit/537.36 (KHTML, like Gecko) Chrome/130.0.6723.69 Safari/537.36"},"id":25},"connectStatusInfo":{"connectStatus":"NEW","errorHeartBeat":0,"heartBeat":0,"restart":0},"name":"vioqisfhu@mailxw.com","params":{"email_verified":"false"},"proxy":{"address":{"address":"127.0.0.1","port":52006},"addressStr":"127.0.0.1:52006","host":"127.0.0.1","id":3,"port":52006,"proxyProtocal":"HTTP","proxyType":"DYNAMIC"},"restHeaders":{},"rewordInfo":{},"simpleInfo":"75-账户[vioqisfhu@mailxw.com]-代理[127.0.0.1:52006]","usable":false,"wSHeaders":{}}