{"accountBaseInfo":{"email":"nbqzugnw@mailxw.com","id":66,"password":"123456789HeLei","restHeaders":{},"type":"xinglan","wSHeaders":{}},"browserEnv":{"headers":{"user-agent":"Mozilla/55.0 (Windows NT 10.0; Win64; x64) AppleWebKit/537.36 (KHTML, like Gecko) Chrome/130.0.6723.117 Safari/537.36"},"id":16},"connectStatusInfo":{"connectStatus":"NEW","errorHeartBeat":0,"heartBeat":0,"restart":0},"name":"nbqzugnw@mailxw.com","params":{},"proxy":{"address":{"address":"127.0.0.1","port":52021},"addressStr":"127.0.0.1:52021","host":"127.0.0.1","id":18,"port":52021,"proxyProtocal":"HTTP","proxyType":"DYNAMIC"},"restHeaders":{},"simpleInfo":"账户[nbqzugnw@mailxw.com]-代理[127.0.0.1:52021]","usable":false,"wSHeaders":{}}