{"accountBaseInfo":{"email":"lmbckkcge@mailxw.com","id":69,"password":"123456789HeLei","restHeaders":{},"type":"xinglan","wSHeaders":{}},"browserEnv":{"headers":{"user-agent":"Mozilla/55.0 (Windows NT 10.0; Win64; x64) AppleWebKit/537.36 (KHTML, like Gecko) Chrome/130.0.6723.92 Safari/537.36"},"id":19},"connectStatusInfo":{"connectStatus":"NEW","errorHeartBeat":0,"heartBeat":0,"restart":0},"name":"lmbckkcge@mailxw.com","params":{},"proxy":{"address":{"address":"127.0.0.1","port":52024},"addressStr":"127.0.0.1:52024","host":"127.0.0.1","id":21,"port":52024,"proxyProtocal":"HTTP","proxyType":"DYNAMIC"},"restHeaders":{},"simpleInfo":"账户[lmbckkcge@mailxw.com]-代理[127.0.0.1:52024]","usable":false,"wSHeaders":{}}