{"accountBaseInfo":{"browserEnvId":46,"email":"uyudpusj@mailxw.com","id":46,"password":"123456789HeLei","restHeaders":{},"signUp":true,"twitterId":46,"type":"xinglan","wSHeaders":{}},"browserEnv":{"headers":{"user-agent":"Mozilla/55.0 (Windows NT 10.0; Win64; x64) AppleWebKit/537.36 (KHTML, like Gecko) Chrome/129.0.6668.59 Safari/537.36"},"id":46},"connectStatusInfo":{"connectStatus":"NEW","errorHeartBeat":0,"heartBeat":0,"restart":0},"name":"uyudpusj@mailxw.com","params":{"email_verified":"false"},"proxy":{"address":{"address":"127.0.0.1","port":52025},"addressStr":"127.0.0.1:52025","host":"127.0.0.1","id":22,"port":52025,"proxyProtocal":"HTTP","proxyType":"DYNAMIC"},"restHeaders":{},"rewordInfo":{},"simpleInfo":"46-账户[uyudpusj@mailxw.com]-代理[127.0.0.1:52025]","twitter":{"email":"wfmdtothwyfzs@hotmail.com","f2aToken":"WY7HQWMH5FTRC52Y","id":46,"password":"OW)kh66xyZp%Op","username":"qpzxg87881866"},"usable":false,"wSHeaders":{}}