{"accountBaseInfo":{"email":"gepyqeuy@mailxw.com","id":60,"password":"123456789HeLei","restHeaders":{},"type":"xinglan","wSHeaders":{}},"browserEnv":{"headers":{"user-agent":"Mozilla/55.0 (Windows NT 10.0; Win64; x64) AppleWebKit/537.36 (KHTML, like Gecko) Chrome/130.0.6723.59 Safari/537.36"},"id":10},"connectStatusInfo":{"connectStatus":"NEW","errorHeartBeat":0,"heartBeat":0,"restart":0},"name":"gepyqeuy@mailxw.com","params":{},"proxy":{"address":{"address":"127.0.0.1","port":52015},"addressStr":"127.0.0.1:52015","host":"127.0.0.1","id":12,"port":52015,"proxyProtocal":"HTTP","proxyType":"DYNAMIC"},"restHeaders":{},"simpleInfo":"账户[gepyqeuy@mailxw.com]-代理[127.0.0.1:52015]","usable":false,"wSHeaders":{}}