{"accountBaseInfo":{"email":"ciuxnrthrn@mailxw.com","id":54,"password":"123456789HeLei","restHeaders":{},"signUp":true,"type":"xinglan","wSHeaders":{}},"browserEnv":{"headers":{"user-agent":"Mozilla/55.0 (Windows NT 10.0; Win64; x64) AppleWebKit/537.36 (KHTML, like Gecko) Chrome/130.0.6723.91 Safari/537.36"},"id":4},"connectStatusInfo":{"connectStatus":"NEW","errorHeartBeat":0,"heartBeat":0,"restart":0},"name":"ciuxnrthrn@mailxw.com","params":{"email_verified":"false"},"proxy":{"address":{"address":"127.0.0.1","port":52009},"addressStr":"127.0.0.1:52009","host":"127.0.0.1","id":6,"port":52009,"proxyProtocal":"HTTP","proxyType":"DYNAMIC"},"restHeaders":{},"rewordInfo":{},"simpleInfo":"54-账户[ciuxnrthrn@mailxw.com]-代理[127.0.0.1:52009]","usable":false,"wSHeaders":{}}