{"accountBaseInfo":{"email":"lsehjoiple@mailxw.com","id":82,"password":"123456789HeLei","restHeaders":{},"type":"xinglan","wSHeaders":{}},"browserEnv":{"headers":{"user-agent":"Mozilla/55.0 (Windows NT 10.0; Win64; x64) AppleWebKit/537.36 (KHTML, like Gecko) Chrome/129.0.6668.59 Safari/537.36"},"id":32},"connectStatusInfo":{"connectStatus":"NEW","errorHeartBeat":0,"heartBeat":0,"restart":0},"name":"lsehjoiple@mailxw.com","params":{},"proxy":{"address":{"address":"127.0.0.1","port":52013},"addressStr":"127.0.0.1:52013","host":"127.0.0.1","id":10,"port":52013,"proxyProtocal":"HTTP","proxyType":"DYNAMIC"},"restHeaders":{},"simpleInfo":"账户[lsehjoiple@mailxw.com]-代理[127.0.0.1:52013]","usable":false,"wSHeaders":{}}