{"accountBaseInfo":{"email":"wkhqepxgse@mailxw.com","id":79,"password":"123456789HeLei","restHeaders":{},"signUp":true,"type":"xinglan","wSHeaders":{}},"browserEnv":{"headers":{"user-agent":"Mozilla/55.0 (Windows NT 10.0; Win64; x64) AppleWebKit/537.36 (KHTML, like Gecko) Chrome/130.0.6723.69 Safari/537.36"},"id":29},"connectStatusInfo":{"connectStatus":"NEW","errorHeartBeat":0,"heartBeat":0,"restart":0},"name":"wkhqepxgse@mailxw.com","params":{"email_verified":"false"},"proxy":{"address":{"address":"127.0.0.1","port":52010},"addressStr":"127.0.0.1:52010","host":"127.0.0.1","id":7,"port":52010,"proxyProtocal":"HTTP","proxyType":"DYNAMIC"},"restHeaders":{},"rewordInfo":{},"simpleInfo":"79-账户[wkhqepxgse@mailxw.com]-代理[127.0.0.1:52010]","usable":false,"wSHeaders":{}}