{"accountBaseInfo":{"email":"bqrmixbiay@mailxw.com","id":87,"password":"123456789HeLei","restHeaders":{},"type":"xinglan","wSHeaders":{}},"browserEnv":{"headers":{"user-agent":"Mozilla/55.0 (Windows NT 10.0; Win64; x64) AppleWebKit/537.36 (KHTML, like Gecko) Chrome/130.0.6723.59 Safari/537.36"},"id":37},"connectStatusInfo":{"connectStatus":"NEW","errorHeartBeat":0,"heartBeat":0,"restart":0},"name":"bqrmixbiay@mailxw.com","params":{},"proxy":{"address":{"address":"127.0.0.1","port":52018},"addressStr":"127.0.0.1:52018","host":"127.0.0.1","id":15,"port":52018,"proxyProtocal":"HTTP","proxyType":"DYNAMIC"},"restHeaders":{},"simpleInfo":"账户[bqrmixbiay@mailxw.com]-代理[127.0.0.1:52018]","usable":false,"wSHeaders":{}}