{"accountBaseInfo":{"browserEnvId":15,"email":"vkmymrsin@mailxw.com","id":15,"password":"123456789HeLei","proxyId":15,"restHeaders":{},"twitterId":15,"type":"xinglan","wSHeaders":{}},"browserEnv":{"headers":{"user-agent":"Mozilla/55.0 (Windows NT 10.0; Win64; x64) AppleWebKit/537.36 (KHTML, like Gecko) Chrome/130.0.6723.92 Safari/537.36"},"id":15},"connectStatusInfo":{"connectStatus":"NEW","errorHeartBeat":0,"heartBeat":0,"restart":0},"name":"vkmymrsin@mailxw.com","params":{},"proxy":{"address":{"address":"127.0.0.1","port":52018},"addressStr":"127.0.0.1:52018","host":"127.0.0.1","id":15,"port":52018,"proxyProtocal":"HTTP","proxyType":"DYNAMIC"},"restHeaders":{},"simpleInfo":"账户[vkmymrsin@mailxw.com]-代理[127.0.0.1:52018]","twitter":{"email":"zhtqkw9y4dzq5@outlook.com","f2aToken":"UH6DH42QJ7MKZZIB","id":15,"password":"CWbp29pE0MMD#T","username":"ktvho43119796"},"usable":false,"wSHeaders":{}}