{"accountBaseInfo":{"browserEnvId":20,"email":"bciclwnbd@mailxw.com","id":20,"password":"123456789HeLei","proxyId":20,"restHeaders":{},"twitterId":20,"type":"xinglan","wSHeaders":{}},"browserEnv":{"headers":{"user-agent":"Mozilla/55.0 (Windows NT 10.0; Win64; x64) AppleWebKit/537.36 (KHTML, like Gecko) Chrome/129.0.6668.100 Safari/537.36"},"id":20},"connectStatusInfo":{"connectStatus":"NEW","errorHeartBeat":0,"heartBeat":0,"restart":0},"name":"bciclwnbd@mailxw.com","params":{},"proxy":{"address":{"address":"127.0.0.1","port":52023},"addressStr":"127.0.0.1:52023","host":"127.0.0.1","id":20,"port":52023,"proxyProtocal":"HTTP","proxyType":"DYNAMIC"},"restHeaders":{},"simpleInfo":"账户[bciclwnbd@mailxw.com]-代理[127.0.0.1:52023]","twitter":{"email":"yadisibezat@hotmail.com","f2aToken":"FP6WZESZGN5OUWMB","id":20,"password":"zgLV(8IfVvPzB7","username":"mbxgp92149819"},"usable":false,"wSHeaders":{}}