{"accountBaseInfo":{"email":"ffdouamcaj@mailxw.com","id":61,"password":"123456789HeLei","restHeaders":{},"signUp":true,"type":"xinglan","wSHeaders":{}},"browserEnv":{"headers":{"user-agent":"Mozilla/55.0 (Windows NT 10.0; Win64; x64) AppleWebKit/537.36 (KHTML, like Gecko) Chrome/130.0.6723.59 Safari/537.36"},"id":11},"connectStatusInfo":{"connectStatus":"NEW","errorHeartBeat":0,"heartBeat":0,"restart":0},"name":"ffdouamcaj@mailxw.com","params":{"email_verified":"false"},"proxy":{"address":{"address":"127.0.0.1","port":52016},"addressStr":"127.0.0.1:52016","host":"127.0.0.1","id":13,"port":52016,"proxyProtocal":"HTTP","proxyType":"DYNAMIC"},"restHeaders":{},"rewordInfo":{},"simpleInfo":"61-账户[ffdouamcaj@mailxw.com]-代理[127.0.0.1:52016]","usable":false,"wSHeaders":{}}