{"accountBaseInfo":{"browserEnvId":44,"email":"upvrghkk@mailxw.com","id":44,"password":"123456789HeLei","restHeaders":{},"twitterId":44,"type":"xinglan","wSHeaders":{}},"browserEnv":{"headers":{"user-agent":"Mozilla/55.0 (Windows NT 10.0; Win64; x64) AppleWebKit/537.36 (KHTML, like Gecko) Chrome/130.0.6723.117 Safari/537.36"},"id":44},"connectStatusInfo":{"connectStatus":"NEW","errorHeartBeat":0,"heartBeat":0,"restart":0},"name":"upvrghkk@mailxw.com","params":{},"proxy":{"address":{"address":"127.0.0.1","port":52023},"addressStr":"127.0.0.1:52023","host":"127.0.0.1","id":20,"port":52023,"proxyProtocal":"HTTP","proxyType":"DYNAMIC"},"restHeaders":{},"simpleInfo":"账户[upvrghkk@mailxw.com]-代理[127.0.0.1:52023]","twitter":{"email":"jeyr8l3pddgka@outlook.com","f2aToken":"6XVFH7NP2ISJ3DBL","id":44,"password":"uKAjRk2OTr#4b&","username":"kqohr32898213"},"usable":false,"wSHeaders":{}}