{"accountBaseInfo":{"browserEnvId":25,"email":"rvwyihwbvu@mailxw.com","id":25,"password":"123456789HeLei","restHeaders":{},"twitterId":25,"type":"xinglan","wSHeaders":{}},"browserEnv":{"headers":{"user-agent":"Mozilla/55.0 (Windows NT 10.0; Win64; x64) AppleWebKit/537.36 (KHTML, like Gecko) Chrome/130.0.6723.69 Safari/537.36"},"id":25},"connectStatusInfo":{"connectStatus":"NEW","errorHeartBeat":0,"heartBeat":0,"restart":0},"name":"rvwyihwbvu@mailxw.com","params":{},"proxy":{"address":{"address":"127.0.0.1","port":52004},"addressStr":"127.0.0.1:52004","host":"127.0.0.1","id":1,"port":52004,"proxyProtocal":"HTTP","proxyType":"DYNAMIC"},"restHeaders":{},"simpleInfo":"账户[rvwyihwbvu@mailxw.com]-代理[127.0.0.1:52004]","twitter":{"email":"lagxmvgpm@outlook.com","f2aToken":"MHEL7XBE54SRAI3M","id":25,"password":"HUs&9w4sYQuqSC","username":"gstmp25785553"},"usable":false,"wSHeaders":{}}