{"accountBaseInfo":{"email":"gbgfbwrv@mailxw.com","id":71,"password":"123456789HeLei","restHeaders":{},"signUp":true,"type":"xinglan","wSHeaders":{}},"browserEnv":{"headers":{"user-agent":"Mozilla/55.0 (Windows NT 10.0; Win64; x64) AppleWebKit/537.36 (KHTML, like Gecko) Chrome/129.0.6668.59 Safari/537.36"},"id":21},"connectStatusInfo":{"connectStatus":"NEW","errorHeartBeat":0,"heartBeat":0,"restart":0},"name":"gbgfbwrv@mailxw.com","params":{"email_verified":"false"},"proxy":{"address":{"address":"127.0.0.1","port":52026},"addressStr":"127.0.0.1:52026","host":"127.0.0.1","id":23,"port":52026,"proxyProtocal":"HTTP","proxyType":"DYNAMIC"},"restHeaders":{},"rewordInfo":{},"simpleInfo":"71-账户[gbgfbwrv@mailxw.com]-代理[127.0.0.1:52026]","usable":false,"wSHeaders":{}}