{"accountBaseInfo":{"email":"wmnbvgacvc@mailxw.com","id":86,"password":"123456789HeLei","restHeaders":{},"signUp":true,"type":"xinglan","wSHeaders":{}},"browserEnv":{"headers":{"user-agent":"Mozilla/55.0 (Windows NT 10.0; Win64; x64) AppleWebKit/537.36 (KHTML, like Gecko) Chrome/130.0.6723.91 Safari/537.36"},"id":36},"connectStatusInfo":{"connectStatus":"NEW","errorHeartBeat":0,"heartBeat":0,"restart":0},"name":"wmnbvgacvc@mailxw.com","params":{"email_verified":"false"},"proxy":{"address":{"address":"127.0.0.1","port":52017},"addressStr":"127.0.0.1:52017","host":"127.0.0.1","id":14,"port":52017,"proxyProtocal":"HTTP","proxyType":"DYNAMIC"},"restHeaders":{},"rewordInfo":{},"simpleInfo":"86-账户[wmnbvgacvc@mailxw.com]-代理[127.0.0.1:52017]","usable":false,"wSHeaders":{}}