{"accountBaseInfo":{"email":"ufaveryr@mailxw.com","id":92,"password":"123456789HeLei","restHeaders":{},"type":"xinglan","wSHeaders":{}},"browserEnv":{"headers":{"user-agent":"Mozilla/55.0 (Windows NT 10.0; Win64; x64) AppleWebKit/537.36 (KHTML, like Gecko) Chrome/129.0.6668.58 Safari/537.36"},"id":42},"connectStatusInfo":{"connectStatus":"NEW","errorHeartBeat":0,"heartBeat":0,"restart":0},"name":"ufaveryr@mailxw.com","params":{},"proxy":{"address":{"address":"127.0.0.1","port":52023},"addressStr":"127.0.0.1:52023","host":"127.0.0.1","id":20,"port":52023,"proxyProtocal":"HTTP","proxyType":"DYNAMIC"},"restHeaders":{},"simpleInfo":"账户[ufaveryr@mailxw.com]-代理[127.0.0.1:52023]","usable":false,"wSHeaders":{}}