{"accountBaseInfo":{"browserEnvId":17,"email":"cwknrsdizm@mailxw.com","id":17,"password":"123456789HeLei","proxyId":17,"restHeaders":{},"twitterId":17,"type":"xinglan","wSHeaders":{}},"browserEnv":{"headers":{"user-agent":"Mozilla/55.0 (Windows NT 10.0; Win64; x64) AppleWebKit/537.36 (KHTML, like Gecko) Chrome/130.0.6723.69 Safari/537.36"},"id":17},"connectStatusInfo":{"connectStatus":"NEW","errorHeartBeat":0,"heartBeat":0,"restart":0},"name":"cwknrsdizm@mailxw.com","params":{},"proxy":{"address":{"address":"127.0.0.1","port":52020},"addressStr":"127.0.0.1:52020","host":"127.0.0.1","id":17,"port":52020,"proxyProtocal":"HTTP","proxyType":"DYNAMIC"},"restHeaders":{},"simpleInfo":"账户[cwknrsdizm@mailxw.com]-代理[127.0.0.1:52020]","twitter":{"email":"yhfjtq226bcpe@hotmail.com","f2aToken":"RKS63CDG3LIMHC7T","id":17,"password":"Zs$3EsD7JlvW3y","username":"mgjeq48167782"},"usable":false,"wSHeaders":{}}