{"accountBaseInfo":{"browserEnvId":6,"email":"vqfqothy@mailxw.com","id":6,"password":"123456789HeLei","proxyId":6,"restHeaders":{},"signUp":true,"twitterId":6,"type":"xinglan","wSHeaders":{}},"browserEnv":{"headers":{"user-agent":"Mozilla/55.0 (Windows NT 10.0; Win64; x64) AppleWebKit/537.36 (KHTML, like Gecko) Chrome/130.0.6723.69 Safari/537.36"},"id":6},"connectStatusInfo":{"connectStatus":"NEW","errorHeartBeat":0,"heartBeat":0,"restart":0},"name":"vqfqothy@mailxw.com","params":{"email_verified":"false"},"proxy":{"address":{"address":"127.0.0.1","port":52009},"addressStr":"127.0.0.1:52009","host":"127.0.0.1","id":6,"port":52009,"proxyProtocal":"HTTP","proxyType":"DYNAMIC"},"restHeaders":{},"rewordInfo":{},"simpleInfo":"6-账户[vqfqothy@mailxw.com]-代理[127.0.0.1:52009]","twitter":{"email":"g69cx70s59r1e@outlook.com","f2aToken":"F3TLTMADB3P7ZAT4","id":6,"password":")sashbFrbz4HoA","username":"xbjlm97852221"},"usable":false,"wSHeaders":{}}