{"accountBaseInfo":{"browserEnvId":26,"email":"sklinzyv@mailxw.com","id":26,"password":"123456789HeLei","restHeaders":{},"twitterId":26,"type":"xinglan","wSHeaders":{}},"browserEnv":{"headers":{"user-agent":"Mozilla/55.0 (Windows NT 10.0; Win64; x64) AppleWebKit/537.36 (KHTML, like Gecko) Chrome/129.0.6668.70 Safari/537.36"},"id":26},"connectStatusInfo":{"connectStatus":"NEW","errorHeartBeat":0,"heartBeat":0,"restart":0},"name":"sklinzyv@mailxw.com","params":{},"proxy":{"address":{"address":"127.0.0.1","port":52005},"addressStr":"127.0.0.1:52005","host":"127.0.0.1","id":2,"port":52005,"proxyProtocal":"HTTP","proxyType":"DYNAMIC"},"restHeaders":{},"simpleInfo":"账户[sklinzyv@mailxw.com]-代理[127.0.0.1:52005]","twitter":{"email":"yhuvzz9p2up8@outlook.com","f2aToken":"UVSJVVCXPC5BOHGF","id":26,"password":"^ollTNp)wvgx^j","username":"zzqug36947649"},"usable":false,"wSHeaders":{}}