{"accountBaseInfo":{"browserEnvId":4,"email":"voqsculzyw@mailxw.com","id":4,"password":"123456789HeLei","proxyId":4,"restHeaders":{},"signUp":true,"twitterId":4,"type":"xinglan","wSHeaders":{}},"browserEnv":{"headers":{"user-agent":"Mozilla/55.0 (Windows NT 10.0; Win64; x64) AppleWebKit/537.36 (KHTML, like Gecko) Chrome/130.0.6723.91 Safari/537.36"},"id":4},"connectStatusInfo":{"connectStatus":"NEW","errorHeartBeat":0,"heartBeat":0,"restart":0},"name":"voqsculzyw@mailxw.com","params":{"email_verified":"false"},"proxy":{"address":{"address":"127.0.0.1","port":52007},"addressStr":"127.0.0.1:52007","host":"127.0.0.1","id":4,"port":52007,"proxyProtocal":"HTTP","proxyType":"DYNAMIC"},"restHeaders":{},"rewordInfo":{},"simpleInfo":"4-账户[voqsculzyw@mailxw.com]-代理[127.0.0.1:52007]","twitter":{"email":"fod42opqu@outlook.com","f2aToken":"IYDJKSWSTWCDLVEQ","id":4,"password":"cvA2U3Bo9#fReA","username":"wqytr34335919"},"usable":false,"wSHeaders":{}}