{"accountBaseInfo":{"browserEnvId":13,"email":"ogkszdycf@mailxw.com","id":13,"password":"123456789HeLei","proxyId":13,"restHeaders":{},"twitterId":13,"type":"xinglan","wSHeaders":{}},"browserEnv":{"headers":{"user-agent":"Mozilla/55.0 (Windows NT 10.0; Win64; x64) AppleWebKit/537.36 (KHTML, like Gecko) Chrome/130.0.6723.92 Safari/537.36"},"id":13},"connectStatusInfo":{"connectStatus":"NEW","errorHeartBeat":0,"heartBeat":0,"restart":0},"name":"ogkszdycf@mailxw.com","params":{},"proxy":{"address":{"address":"127.0.0.1","port":52016},"addressStr":"127.0.0.1:52016","host":"127.0.0.1","id":13,"port":52016,"proxyProtocal":"HTTP","proxyType":"DYNAMIC"},"restHeaders":{},"simpleInfo":"账户[ogkszdycf@mailxw.com]-代理[127.0.0.1:52016]","twitter":{"email":"ni6c75p7xe8wr@hotmail.com","f2aToken":"O7XYBLSJHIUWVUFX","id":13,"password":"jqP7kY2%E7SOkX","username":"afngb76441746"},"usable":false,"wSHeaders":{}}