{"accountBaseInfo":{"browserEnvId":11,"email":"lotsfrasha@gmail.com","id":11,"password":"MPScv6W@uqXIzm","proxyId":11,"restHeaders":{},"twitterId":11,"type":"google","wSHeaders":{}},"browserEnv":{"headers":{"user-agent":"Mozilla/55.0 (Windows NT 10.0; Win64; x64) AppleWebKit/537.36 (KHTML, like Gecko) Chrome/130.0.6723.59 Safari/537.36"},"id":11},"connectStatusInfo":{"connectStatus":"NEW","errorHeartBeat":0,"heartBeat":0,"restart":0,"startDateTime":"2025-02-14T00:10:31.594510000"},"name":"lotsfrasha@gmail.com","params":{"token_expire_time":"1740326186535","submittedAt":"1739463035822","token":"eyJhbGciOiJIUzI1NiJ9.eyJ1c2VySWQiOiI2NzkyM2Y4NjM4ZThhZTAyMmE4ODBlNWUiLCJzaWduZWRBdCI6MTczOTQ2MjE4NjUzNSwiaWQiOiJSOE1OUVFYVVhJU0VYS1RWIiwidHlwZSI6ImFjY2Vzc1Rva2VuIn0.AJftXw7mC9PwKH2qjzi3_q50gWLR7SQr9lQtgWgZuF4"},"proxy":{"address":{"address":"46.203.76.251","port":6751},"addressStr":"46.203.76.251:6751","host":"46.203.76.251","id":11,"password":"545n41b7z20x","port":6751,"proxyProtocal":"HTTP","proxyType":"STATIC","usable":true,"username":"hldjmuos"},"restHeaders":{},"rewordInfo":{},"simpleInfo":"11-账户[lotsfrasha@gmail.com]-代理[46.203.76.251:6751]","twitter":{"email":"m71z9km22eb@outlook.com","f2aToken":"QGFXRD6XCWKE5RAD","id":11,"password":"CyvV$veMSVV9ry","username":"omtgg37867213"},"usable":false,"wSHeaders":{}}