{"accountBaseInfo":{"browserEnvId":38,"email":"rubyghiath992@gmail.com","id":38,"password":"QajVRFqmPvB50C","proxyId":38,"restHeaders":{},"twitterId":38,"type":"google","wSHeaders":{}},"browserEnv":{"headers":{"user-agent":"Mozilla/55.0 (Windows NT 10.0; Win64; x64) AppleWebKit/537.36 (KHTML, like Gecko) Chrome/129.0.6668.58 Safari/537.36"},"id":38},"connectStatusInfo":{"connectStatus":"NEW","errorHeartBeat":0,"heartBeat":0,"restart":0,"startDateTime":"2025-02-14T00:10:31.590477000"},"name":"rubyghiath992@gmail.com","params":{"token_expire_time":"1740326096274","submittedAt":"1739463035499","token":"eyJhbGciOiJIUzI1NiJ9.eyJ1c2VySWQiOiI2NzkyNTI1YTM4ZThhZTAyMmE4Y2M5YzQiLCJzaWduZWRBdCI6MTczOTQ2MjA5NjI3NCwiaWQiOiJTRU9SRzEyQlBRMTZJUzRNIiwidHlwZSI6ImFjY2Vzc1Rva2VuIn0.-y4g7BJH1Gm3rTvEUlaGp1TGYKpREW37XJS7HxyoJUE"},"proxy":{"address":{"address":"130.180.232.108","port":8546},"addressStr":"130.180.232.108:8546","host":"130.180.232.108","id":38,"password":"545n41b7z20x","port":8546,"proxyProtocal":"HTTP","proxyType":"STATIC","usable":true,"username":"hldjmuos"},"restHeaders":{},"rewordInfo":{},"simpleInfo":"38-账户[rubyghiath992@gmail.com]-代理[130.180.232.108:8546]","twitter":{"email":"fr4lhk7lo26k@outlook.com","f2aToken":"DXRNG6BON4VKDW5T","id":38,"password":"*s%@%(2R&CLKL1","username":"whbdq32569926"},"usable":false,"wSHeaders":{}}