{"accountBaseInfo":{"browserEnvId":27,"email":"kvnchurasacari991@gmail.com","id":27,"password":"nVrYuYJ!KvXF23","proxyId":27,"restHeaders":{},"twitterId":27,"type":"google","wSHeaders":{}},"browserEnv":{"headers":{"user-agent":"Mozilla/55.0 (Windows NT 10.0; Win64; x64) AppleWebKit/537.36 (KHTML, like Gecko) Chrome/130.0.6723.70 Safari/537.36"},"id":27},"connectStatusInfo":{"connectStatus":"NEW","errorHeartBeat":0,"heartBeat":0,"restart":0,"startDateTime":"2025-02-14T00:10:31.595427000"},"name":"kvnchurasacari991@gmail.com","params":{"token_expire_time":"1740326187255","submittedAt":"1739463037906","token":"eyJhbGciOiJIUzI1NiJ9.eyJ1c2VySWQiOiI2NzkyNGYxMjM4ZThhZTAyMmE4YjMxZmUiLCJzaWduZWRBdCI6MTczOTQ2MjE4NzI1NSwiaWQiOiI2NTlaSE1RVFo1V0dQWExNIiwidHlwZSI6ImFjY2Vzc1Rva2VuIn0.-6kYMWJpiJWRmtPpVyT2UuF0SLaAWBHejIJCFqqbJks"},"proxy":{"address":{"address":"46.203.76.252","port":6752},"addressStr":"46.203.76.252:6752","host":"46.203.76.252","id":27,"password":"545n41b7z20x","port":6752,"proxyProtocal":"HTTP","proxyType":"STATIC","usable":true,"username":"hldjmuos"},"restHeaders":{},"rewordInfo":{},"simpleInfo":"27-账户[kvnchurasacari991@gmail.com]-代理[46.203.76.252:6752]","twitter":{"email":"rrohbz1k2@outlook.com","f2aToken":"GWNYUWSXZD5QAZF5","id":27,"password":"dgudj#i9P9xp$Q","username":"hctjk19523749"},"usable":false,"wSHeaders":{}}