{"accountBaseInfo":{"browserEnvId":26,"email":"coyotitoraghav476@gmail.com","id":26,"password":"i)vhvd^G7*8Y!j","proxyId":26,"restHeaders":{},"twitterId":26,"type":"google","wSHeaders":{}},"browserEnv":{"headers":{"user-agent":"Mozilla/55.0 (Windows NT 10.0; Win64; x64) AppleWebKit/537.36 (KHTML, like Gecko) Chrome/129.0.6668.70 Safari/537.36"},"id":26},"connectStatusInfo":{"connectStatus":"NEW","errorHeartBeat":0,"heartBeat":0,"restart":0,"startDateTime":"2025-02-14T00:10:31.595834000"},"name":"coyotitoraghav476@gmail.com","params":{"token_expire_time":"1740326213210","submittedAt":"1739463037135","token":"eyJhbGciOiJIUzI1NiJ9.eyJ1c2VySWQiOiI2NzkyNGYwYjFiNGMwZjQ2NDRhMmRkZjUiLCJzaWduZWRBdCI6MTczOTQ2MjIxMzIxMCwiaWQiOiJYVEFROTBBOExZTEIyRzgzIiwidHlwZSI6ImFjY2Vzc1Rva2VuIn0.jMM9qYYjHe5T8OMr24F5xTWYfTFtCPbkeAMlahYK0zw"},"proxy":{"address":{"address":"192.46.200.190","port":5860},"addressStr":"192.46.200.190:5860","host":"192.46.200.190","id":26,"password":"545n41b7z20x","port":5860,"proxyProtocal":"HTTP","proxyType":"STATIC","usable":true,"username":"hldjmuos"},"restHeaders":{},"rewordInfo":{},"simpleInfo":"26-账户[coyotitoraghav476@gmail.com]-代理[192.46.200.190:5860]","twitter":{"email":"yhuvzz9p2up8@outlook.com","f2aToken":"UVSJVVCXPC5BOHGF","id":26,"password":"^ollTNp)wvgx^j","username":"zzqug36947649"},"usable":false,"wSHeaders":{}}