{"accountBaseInfo":{"browserEnvId":0,"email":"shaylavaltin802@gmail.com","id":0,"password":"(nklh9tEcz*Vjs","proxyId":0,"restHeaders":{},"twitterId":0,"type":"google","wSHeaders":{}},"browserEnv":{"headers":{"user-agent":"Mozilla/55.0 (Windows NT 10.0; Win64; x64) AppleWebKit/537.36 (KHTML, like Gecko) Chrome/128.0.6613.120 Safari/537.36"},"id":0},"connectStatusInfo":{"connectStatus":"NEW","errorHeartBeat":0,"heartBeat":0,"restart":0,"startDateTime":"2025-02-14T00:10:31.597873000"},"name":"shaylavaltin802@gmail.com","params":{"token_expire_time":"1740326051313","submittedAt":"1739463036940","token":"eyJhbGciOiJIUzI1NiJ9.eyJ1c2VySWQiOiI2NzkyMzQzOTFiNGMwZjQ2NDQ5ZDVkZmUiLCJzaWduZWRBdCI6MTczOTQ2MjA1MTMxMywiaWQiOiI1TFlDS0tHRUlPVTMxRTM0IiwidHlwZSI6ImFjY2Vzc1Rva2VuIn0.sUX-ZqR-5NW8evB4OairVoBwk0EzBG6o2N-lzqB8I68"},"proxy":{"address":{"address":"198.145.103.86","port":6343},"addressStr":"198.145.103.86:6343","host":"198.145.103.86","id":0,"password":"545n41b7z20x","port":6343,"proxyProtocal":"HTTP","proxyType":"STATIC","usable":true,"username":"hldjmuos"},"restHeaders":{},"rewordInfo":{},"simpleInfo":"0-账户[shaylavaltin802@gmail.com]-代理[198.145.103.86:6343]","twitter":{"email":"prokicpuhk@hotmail.com","f2aToken":"7ZM5AVB425OTKXVB","id":0,"password":"2jPK6*KRt#%lht","username":"pojle26268757"},"usable":false,"wSHeaders":{}}