{"accountBaseInfo":{"browserEnvId":33,"email":"betoyaqueline@gmail.com","id":33,"password":"l3BZN@vzOEt^GU","proxyId":33,"restHeaders":{},"twitterId":33,"type":"google","wSHeaders":{}},"browserEnv":{"headers":{"user-agent":"Mozilla/55.0 (Windows NT 10.0; Win64; x64) AppleWebKit/537.36 (KHTML, like Gecko) Chrome/129.0.6668.89 Safari/537.36"},"id":33},"connectStatusInfo":{"connectStatus":"NEW","errorHeartBeat":0,"heartBeat":0,"restart":0,"startDateTime":"2025-02-14T00:10:31.592239000"},"name":"betoyaqueline@gmail.com","params":{"token_expire_time":"1740326148920","submittedAt":"1739463037188","token":"eyJhbGciOiJIUzI1NiJ9.eyJ1c2VySWQiOiI2NzkyNTI0YzM4ZThhZTAyMmE4Y2M1YWEiLCJzaWduZWRBdCI6MTczOTQ2MjE0ODkyMCwiaWQiOiJWQkFPVDhXSEMxNjI5QjJSIiwidHlwZSI6ImFjY2Vzc1Rva2VuIn0.erR2IENbEMzn5Lu5XU2qDNDyh9V-x1f-UwpdDU7IGaU"},"proxy":{"address":{"address":"130.180.231.230","port":8372},"addressStr":"130.180.231.230:8372","host":"130.180.231.230","id":33,"password":"545n41b7z20x","port":8372,"proxyProtocal":"HTTP","proxyType":"STATIC","usable":true,"username":"hldjmuos"},"restHeaders":{},"rewordInfo":{},"simpleInfo":"33-账户[betoyaqueline@gmail.com]-代理[130.180.231.230:8372]","twitter":{"email":"pblw3rdiy@outlook.com","f2aToken":"4O7ZZGK7U2ZT56CZ","id":33,"password":"MZL@V0YSptz*px","username":"mbzir87318116"},"usable":false,"wSHeaders":{}}