{"accountBaseInfo":{"browserEnvId":20,"email":"deykerrma@gmail.com","id":20,"password":"A0c^MEf(MWjuhl","proxyId":20,"restHeaders":{},"twitterId":20,"type":"google","wSHeaders":{}},"browserEnv":{"headers":{"user-agent":"Mozilla/55.0 (Windows NT 10.0; Win64; x64) AppleWebKit/537.36 (KHTML, like Gecko) Chrome/129.0.6668.100 Safari/537.36"},"id":20},"connectStatusInfo":{"connectStatus":"NEW","errorHeartBeat":0,"heartBeat":0,"restart":0,"startDateTime":"2025-02-14T00:10:31.598151000"},"name":"deykerrma@gmail.com","params":{"token_expire_time":"1740326374254","submittedAt":"1739463036618","token":"eyJhbGciOiJIUzI1NiJ9.eyJ1c2VySWQiOiI2NzkyNDkxMzM4YzUwYzAxNmQ1ODBkNmUiLCJzaWduZWRBdCI6MTczOTQ2MjM3NDI1NCwiaWQiOiJTSEM3UFdQRk41RzlaTVBNIiwidHlwZSI6ImFjY2Vzc1Rva2VuIn0.XNg60Hq0vfevdiCSuNHCfakBEp9mGabBJEQGNNrNv68"},"proxy":{"address":{"address":"192.46.201.115","port":6629},"addressStr":"192.46.201.115:6629","host":"192.46.201.115","id":20,"password":"545n41b7z20x","port":6629,"proxyProtocal":"HTTP","proxyType":"STATIC","usable":true,"username":"hldjmuos"},"restHeaders":{},"rewordInfo":{},"simpleInfo":"20-账户[deykerrma@gmail.com]-代理[192.46.201.115:6629]","twitter":{"email":"yadisibezat@hotmail.com","f2aToken":"FP6WZESZGN5OUWMB","id":20,"password":"zgLV(8IfVvPzB7","username":"mbxgp92149819"},"usable":false,"wSHeaders":{}}