{"accountBaseInfo":{"browserEnvId":42,"email":"silvialeticiatabordaunchalo603@gmail.com","id":42,"password":"FC(K$RrnLRxI$X","proxyId":42,"restHeaders":{},"twitterId":42,"type":"google","wSHeaders":{}},"browserEnv":{"headers":{"user-agent":"Mozilla/55.0 (Windows NT 10.0; Win64; x64) AppleWebKit/537.36 (KHTML, like Gecko) Chrome/129.0.6668.58 Safari/537.36"},"id":42},"connectStatusInfo":{"connectStatus":"NEW","errorHeartBeat":0,"heartBeat":0,"restart":0,"startDateTime":"2025-02-14T00:10:31.588140000"},"name":"silvialeticiatabordaunchalo603@gmail.com","params":{"token_expire_time":"1740324775107","submittedAt":"1739463035947","token":"eyJhbGciOiJIUzI1NiJ9.eyJ1c2VySWQiOiI2NzkyNTRjYzkwNGRkZjQ5NDY1ZGY0OTYiLCJzaWduZWRBdCI6MTczOTQ2MDc3NTEwNywiaWQiOiJaRVNJRkowREY5QU9VOU1OIiwidHlwZSI6ImFjY2Vzc1Rva2VuIn0.p6p5sUmsfsfakih9DdPvxbEpOO_g7rdBTyUb2LZTfDU"},"proxy":{"address":{"address":"46.203.137.111","port":6108},"addressStr":"46.203.137.111:6108","host":"46.203.137.111","id":42,"password":"545n41b7z20x","port":6108,"proxyProtocal":"HTTP","proxyType":"STATIC","usable":true,"username":"hldjmuos"},"restHeaders":{},"rewordInfo":{},"simpleInfo":"42-账户[silvialeticiatabordaunchalo603@gmail.com]-代理[46.203.137.111:6108]","twitter":{"email":"fvb5tojse06ie@hotmail.com","f2aToken":"3KCRX422IT732CV5","id":42,"password":"UxdY&3TM)o^Zvp","username":"anvyh14954762"},"usable":false,"wSHeaders":{}}