{"accountBaseInfo":{"browserEnvId":47,"email":"nihonyokomaku@gmail.com","id":47,"password":"JFVLrO9g3*cV9V","proxyId":47,"restHeaders":{},"twitterId":47,"type":"google","wSHeaders":{}},"browserEnv":{"headers":{"user-agent":"Mozilla/55.0 (Windows NT 10.0; Win64; x64) AppleWebKit/537.36 (KHTML, like Gecko) Chrome/129.0.6668.71 Safari/537.36"},"id":47},"connectStatusInfo":{"connectStatus":"NEW","errorHeartBeat":0,"heartBeat":0,"restart":0,"startDateTime":"2025-02-14T00:10:31.596251000"},"name":"nihonyokomaku@gmail.com","params":{"token_expire_time":"1740326373520","submittedAt":"1739463036098","token":"eyJhbGciOiJIUzI1NiJ9.eyJ1c2VySWQiOiI2NzkyNTRlOTFiNGMwZjQ2NDRhNTFlNzYiLCJzaWduZWRBdCI6MTczOTQ2MjM3MzUyMCwiaWQiOiJCUUE1TUtHOTM4UjE5TldaIiwidHlwZSI6ImFjY2Vzc1Rva2VuIn0.n6xILlRe2Y4j0cdbO3TpMsWI19TVrgETWs9QqMpxokI"},"proxy":{"address":{"address":"130.180.232.190","port":8628},"addressStr":"130.180.232.190:8628","host":"130.180.232.190","id":47,"password":"545n41b7z20x","port":8628,"proxyProtocal":"HTTP","proxyType":"STATIC","usable":true,"username":"hldjmuos"},"restHeaders":{},"rewordInfo":{},"simpleInfo":"47-账户[nihonyokomaku@gmail.com]-代理[130.180.232.190:8628]","twitter":{"email":"zwwqld10d2lv@outlook.com","f2aToken":"VNS2WIMT77EFKCNR","id":47,"password":"BTf9*AtqTjOzgx","username":"ttywx87786296"},"usable":false,"wSHeaders":{}}