{"accountBaseInfo":{"browserEnvId":19,"email":"nepaliredz@gmail.com","id":19,"password":"f667J5a302@l1n","proxyId":19,"restHeaders":{},"twitterId":19,"type":"google","wSHeaders":{}},"browserEnv":{"headers":{"user-agent":"Mozilla/55.0 (Windows NT 10.0; Win64; x64) AppleWebKit/537.36 (KHTML, like Gecko) Chrome/130.0.6723.92 Safari/537.36"},"id":19},"connectStatusInfo":{"connectStatus":"NEW","errorHeartBeat":0,"heartBeat":0,"restart":0,"startDateTime":"2025-02-14T00:10:31.581293000"},"name":"nepaliredz@gmail.com","params":{"token_expire_time":"1740326107145","submittedAt":"1739463035911","token":"eyJhbGciOiJIUzI1NiJ9.eyJ1c2VySWQiOiI2NzkyNDhiOTM4ZThhZTAyMmE4OTg4NDEiLCJzaWduZWRBdCI6MTczOTQ2MjEwNzE0NSwiaWQiOiIxUkRONThNSkE3SkJYNUJUIiwidHlwZSI6ImFjY2Vzc1Rva2VuIn0.w3tZDdl8WBPWdFy3dyy8mV_6yFfdmd7SwPtIF7jPFLk"},"proxy":{"address":{"address":"192.46.201.191","port":6705},"addressStr":"192.46.201.191:6705","host":"192.46.201.191","id":19,"password":"545n41b7z20x","port":6705,"proxyProtocal":"HTTP","proxyType":"STATIC","usable":true,"username":"hldjmuos"},"restHeaders":{},"rewordInfo":{},"simpleInfo":"19-账户[nepaliredz@gmail.com]-代理[192.46.201.191:6705]","twitter":{"email":"kv4plywnv@hotmail.com","f2aToken":"BIBKPSDL2QBTSUQH","id":19,"password":"FZJPfbg%%%rj%i","username":"iusuv36764879"},"usable":false,"wSHeaders":{}}