{"accountBaseInfo":{"browserEnvId":12,"email":"siarlalic@gmail.com","id":12,"password":"6Kb^q!(i@l27zA","proxyId":12,"restHeaders":{},"twitterId":12,"type":"google","wSHeaders":{}},"browserEnv":{"headers":{"user-agent":"Mozilla/55.0 (Windows NT 10.0; Win64; x64) AppleWebKit/537.36 (KHTML, like Gecko) Chrome/130.0.6723.70 Safari/537.36"},"id":12},"connectStatusInfo":{"connectStatus":"NEW","errorHeartBeat":0,"heartBeat":0,"restart":0,"startDateTime":"2025-02-14T00:10:31.593759000"},"name":"siarlalic@gmail.com","params":{"token_expire_time":"1740326196803","submittedAt":"1739463036281","token":"eyJhbGciOiJIUzI1NiJ9.eyJ1c2VySWQiOiI2NzkyM2ZhMDM4ZThhZTAyMmE4ODExZjMiLCJzaWduZWRBdCI6MTczOTQ2MjE5NjgwMywiaWQiOiJTREZRNTM0NENBWlZYOTRFIiwidHlwZSI6ImFjY2Vzc1Rva2VuIn0.7TQUMG4gKtfUCM4FJXrIiWHHwL1g8qKemhqptxpzfqM"},"proxy":{"address":{"address":"46.203.47.132","port":5631},"addressStr":"46.203.47.132:5631","host":"46.203.47.132","id":12,"password":"545n41b7z20x","port":5631,"proxyProtocal":"HTTP","proxyType":"STATIC","usable":true,"username":"hldjmuos"},"restHeaders":{},"rewordInfo":{},"simpleInfo":"12-账户[siarlalic@gmail.com]-代理[46.203.47.132:5631]","twitter":{"email":"fuz5x04ly@outlook.com","f2aToken":"ZDZDVJVBQTPK4JOD","id":12,"password":"yQ&kQ*P&5M@ISp","username":"fskmn63733285"},"usable":false,"wSHeaders":{}}