{"accountBaseInfo":{"browserEnvId":32,"email":"matallinbraham@gmail.com","id":32,"password":"t)u&qAMho2!uL^","proxyId":32,"restHeaders":{},"twitterId":32,"type":"google","wSHeaders":{}},"browserEnv":{"headers":{"user-agent":"Mozilla/55.0 (Windows NT 10.0; Win64; x64) AppleWebKit/537.36 (KHTML, like Gecko) Chrome/129.0.6668.59 Safari/537.36"},"id":32},"connectStatusInfo":{"connectStatus":"NEW","errorHeartBeat":0,"heartBeat":0,"restart":0,"startDateTime":"2025-02-14T00:10:31.593074000"},"name":"matallinbraham@gmail.com","params":{"token_expire_time":"1740326160595","submittedAt":"1739463036159","token":"eyJhbGciOiJIUzI1NiJ9.eyJ1c2VySWQiOiI2NzkyNTI0OTM4YzUwYzAxNmQ1YjNhNDMiLCJzaWduZWRBdCI6MTczOTQ2MjE2MDU5NSwiaWQiOiIzUENETjE4QU5aS1Q3VkhLIiwidHlwZSI6ImFjY2Vzc1Rva2VuIn0.T4BFj14amCJ7Vdq-qO73PJP9zFNUSDCpZ7C5sPtux0o"},"proxy":{"address":{"address":"46.203.82.71","port":6071},"addressStr":"46.203.82.71:6071","host":"46.203.82.71","id":32,"password":"545n41b7z20x","port":6071,"proxyProtocal":"HTTP","proxyType":"STATIC","usable":true,"username":"hldjmuos"},"restHeaders":{},"rewordInfo":{},"simpleInfo":"32-账户[matallinbraham@gmail.com]-代理[46.203.82.71:6071]","twitter":{"email":"zq7oeocrj9zw@hotmail.com","f2aToken":"EDAOOD3G3S4TJCYL","id":32,"password":"6%qEbHB$dlRpLv","username":"mhcnq14578183"},"usable":false,"wSHeaders":{}}