{"accountBaseInfo":{"browserEnvId":1,"email":"casselmanshayy@gmail.com","id":1,"password":"mYevdnDfJ3Bw5y","proxyId":1,"restHeaders":{},"twitterId":1,"type":"google","wSHeaders":{}},"browserEnv":{"headers":{"user-agent":"Mozilla/55.0 (Windows NT 10.0; Win64; x64) AppleWebKit/537.36 (KHTML, like Gecko) Chrome/130.0.6723.70 Safari/537.36"},"id":1},"connectStatusInfo":{"connectStatus":"NEW","errorHeartBeat":0,"heartBeat":0,"restart":0},"name":"casselmanshayy@gmail.com","params":{"token_expire_time":"1740325902309","submittedAt":"1739283427973","token":"eyJhbGciOiJIUzI1NiJ9.eyJ1c2VySWQiOiI2NzkyMzNiYzM4YzUwYzAxNmQ1NDA1NDMiLCJzaWduZWRBdCI6MTczOTQ2MTkwMjMwOSwiaWQiOiJGMzU0RDZSVTA4REI3UDZRIiwidHlwZSI6ImFjY2Vzc1Rva2VuIn0.1jObhHZifGSl8GDkLk74_iuZcZe8Tp2naqVp56Tev_A"},"proxy":{"address":{"address":"192.46.201.243","port":6757},"addressStr":"192.46.201.243:6757","host":"192.46.201.243","id":1,"password":"545n41b7z20x","port":6757,"proxyProtocal":"HTTP","proxyType":"STATIC","usable":true,"username":"hldjmuos"},"restHeaders":{},"rewordInfo":{},"simpleInfo":"1-账户[casselmanshayy@gmail.com]-代理[192.46.201.243:6757]","twitter":{"email":"ayanleurtis@hotmail.com","f2aToken":"W6HAXXY3IIYLBUDP","id":1,"password":"jwQUOrsdCCR3dd","username":"qljxh36986541"},"usable":false,"wSHeaders":{}}