{"accountBaseInfo":{"browserEnvId":23,"email":"dinnallrodman@gmail.com","id":23,"password":"!e##QkH3r)93zX","proxyId":23,"restHeaders":{},"twitterId":23,"type":"google","wSHeaders":{}},"browserEnv":{"headers":{"user-agent":"Mozilla/55.0 (Windows NT 10.0; Win64; x64) AppleWebKit/537.36 (KHTML, like Gecko) Chrome/130.0.6723.92 Safari/537.36"},"id":23},"connectStatusInfo":{"connectStatus":"NEW","errorHeartBeat":0,"heartBeat":0,"restart":0,"startDateTime":"2025-02-14T00:10:31.587199000"},"name":"dinnallrodman@gmail.com","params":{"token_expire_time":"1740326084947","submittedAt":"1739463036090","token":"eyJhbGciOiJIUzI1NiJ9.eyJ1c2VySWQiOiI2NzkyNGE0NDM4ZThhZTAyMmE4OWNmYjAiLCJzaWduZWRBdCI6MTczOTQ2MjA4NDk0NywiaWQiOiJEUzI3MDlVU0hJV1VMUEFJIiwidHlwZSI6ImFjY2Vzc1Rva2VuIn0.A79dvp43C0Ilkwqw1N8r-LcETQ_RpB6FfOUJJK-kOfE"},"proxy":{"address":{"address":"46.203.29.186","port":6673},"addressStr":"46.203.29.186:6673","host":"46.203.29.186","id":23,"password":"545n41b7z20x","port":6673,"proxyProtocal":"HTTP","proxyType":"STATIC","usable":true,"username":"hldjmuos"},"restHeaders":{},"rewordInfo":{},"simpleInfo":"23-账户[dinnallrodman@gmail.com]-代理[46.203.29.186:6673]","twitter":{"email":"ueudup8o8orn@hotmail.com","f2aToken":"DKBFNP3A5YTXLBW4","id":23,"password":"UwdN!!O#^7BOHW","username":"kxexr66259358"},"usable":false,"wSHeaders":{}}