{"accountBaseInfo":{"browserEnvId":30,"email":"getejanacworda@gmail.com","id":30,"password":"MfT52KwOnJJUv#","proxyId":30,"restHeaders":{},"twitterId":30,"type":"google","wSHeaders":{}},"browserEnv":{"headers":{"user-agent":"Mozilla/55.0 (Windows NT 10.0; Win64; x64) AppleWebKit/537.36 (KHTML, like Gecko) Chrome/130.0.6723.58 Safari/537.36"},"id":30},"connectStatusInfo":{"connectStatus":"NEW","errorHeartBeat":0,"heartBeat":0,"restart":0,"startDateTime":"2025-02-14T00:10:31.595674000"},"name":"getejanacworda@gmail.com","params":{"token_expire_time":"1740326196515","submittedAt":"1739463037724","token":"eyJhbGciOiJIUzI1NiJ9.eyJ1c2VySWQiOiI2NzkyNGYyNjFiNGMwZjQ2NDRhMmViZmYiLCJzaWduZWRBdCI6MTczOTQ2MjE5NjUxNSwiaWQiOiI1WktXVEVQVUNQRkk1UjNMIiwidHlwZSI6ImFjY2Vzc1Rva2VuIn0._HYAs_yjMgZjZX6SlMVf7JHOlBmqwx9sg9FqQ1U87QM"},"proxy":{"address":{"address":"46.203.82.74","port":6074},"addressStr":"46.203.82.74:6074","host":"46.203.82.74","id":30,"password":"545n41b7z20x","port":6074,"proxyProtocal":"HTTP","proxyType":"STATIC","usable":true,"username":"hldjmuos"},"restHeaders":{},"rewordInfo":{},"simpleInfo":"30-账户[getejanacworda@gmail.com]-代理[46.203.82.74:6074]","twitter":{"email":"gc8xyjn8r8z@outlook.com","f2aToken":"PGXHTTYZDURH5YDM","id":30,"password":"!9RC(mZN^hPp5z","username":"ttwow72422549"},"usable":false,"wSHeaders":{}}