{"accountBaseInfo":{"browserEnvId":49,"email":"914577981@qq.com","id":50,"password":"123456789HeLei","proxyId":49,"restHeaders":{},"twitterId":49,"type":"google","wSHeaders":{}},"browserEnv":{"headers":{"user-agent":"Mozilla/55.0 (Windows NT 10.0; Win64; x64) AppleWebKit/537.36 (KHTML, like Gecko) Chrome/129.0.6668.90 Safari/537.36"},"id":49},"connectStatusInfo":{"connectStatus":"NEW","errorHeartBeat":0,"heartBeat":0,"restart":0},"name":"914577981@qq.com","params":{"token_expire_time":"1740326175906","submittedAt":"1739460711268","token":"eyJhbGciOiJIUzI1NiJ9.eyJ1c2VySWQiOiI2NzkyMzA5M2ZkNWFjM2E2YWQ3M2VjOTMiLCJzaWduZWRBdCI6MTczOTQ2MjE3NTkwNiwiaWQiOiJZWElJVEtFQUI0S1NXV0JWIiwidHlwZSI6ImFjY2Vzc1Rva2VuIn0.2IcnWSv5wHMhoHOu9IioBYW-uGOhH3Ust410gTeW2J0"},"proxy":{"address":{"address":"130.180.233.247","port":7818},"addressStr":"130.180.233.247:7818","host":"130.180.233.247","id":49,"password":"545n41b7z20x","port":7818,"proxyProtocal":"HTTP","proxyType":"STATIC","usable":true,"username":"hldjmuos"},"restHeaders":{},"rewordInfo":{},"simpleInfo":"50-账户[914577981@qq.com]-代理[130.180.233.247:7818]","twitter":{"email":"chhxij3e33a4w@hotmail.com","f2aToken":"DMLPUQX4GG3Q4LWK","id":49,"password":"&hW2lIR(3UlG4K","username":"ytbin77993989"},"usable":false,"wSHeaders":{}}