{"accountBaseInfo":{"browserEnvId":17,"email":"juancruzyhorhdhy@gmail.com","id":17,"password":"bM@7b0L7CWyb!h","proxyId":17,"restHeaders":{},"twitterId":17,"type":"google","wSHeaders":{}},"browserEnv":{"headers":{"user-agent":"Mozilla/55.0 (Windows NT 10.0; Win64; x64) AppleWebKit/537.36 (KHTML, like Gecko) Chrome/130.0.6723.69 Safari/537.36"},"id":17},"connectStatusInfo":{"connectStatus":"NEW","errorHeartBeat":0,"heartBeat":0,"restart":0,"startDateTime":"2025-02-14T00:10:31.597345000"},"name":"juancruzyhorhdhy@gmail.com","params":{"token_expire_time":"1740326219788","submittedAt":"1739463037319","token":"eyJhbGciOiJIUzI1NiJ9.eyJ1c2VySWQiOiI2NzkyNDc4MDM4ZThhZTAyMmE4OTUzNzMiLCJzaWduZWRBdCI6MTczOTQ2MjIxOTc4OCwiaWQiOiJVMDg2MU5BQzZZTUEyT0ZDIiwidHlwZSI6ImFjY2Vzc1Rva2VuIn0.BXNC4l0v_q9EKcYe0TT54zb89vm09he9Saea-qbqw-Y"},"proxy":{"address":{"address":"192.46.201.7","port":6521},"addressStr":"192.46.201.7:6521","host":"192.46.201.7","id":17,"password":"545n41b7z20x","port":6521,"proxyProtocal":"HTTP","proxyType":"STATIC","usable":true,"username":"hldjmuos"},"restHeaders":{},"rewordInfo":{},"simpleInfo":"17-账户[juancruzyhorhdhy@gmail.com]-代理[192.46.201.7:6521]","twitter":{"email":"yhfjtq226bcpe@hotmail.com","f2aToken":"RKS63CDG3LIMHC7T","id":17,"password":"Zs$3EsD7JlvW3y","username":"mgjeq48167782"},"usable":false,"wSHeaders":{}}