{"accountBaseInfo":{"browserEnvId":35,"email":"vergaviajes513@gmail.com","id":35,"password":"w%cvFnxs5H92rz","proxyId":35,"restHeaders":{},"twitterId":35,"type":"google","wSHeaders":{}},"browserEnv":{"headers":{"user-agent":"Mozilla/55.0 (Windows NT 10.0; Win64; x64) AppleWebKit/537.36 (KHTML, like Gecko) Chrome/130.0.6723.117 Safari/537.36"},"id":35},"connectStatusInfo":{"connectStatus":"NEW","errorHeartBeat":0,"heartBeat":0,"restart":0,"startDateTime":"2025-02-14T00:10:31.587024000"},"name":"vergaviajes513@gmail.com","params":{"token_expire_time":"1740326117124","submittedAt":"1739463036828","token":"eyJhbGciOiJIUzI1NiJ9.eyJ1c2VySWQiOiI2NzkyNTI1ZmZkNWFjM2E2YWQ3YmUwN2IiLCJzaWduZWRBdCI6MTczOTQ2MjExNzEyNCwiaWQiOiJDQktDMlVVTzVPMEYwRDdIIiwidHlwZSI6ImFjY2Vzc1Rva2VuIn0.w0yZvOsYLjiSVvkHfcWIoSQPw-ofhl86DLeM7iDK_88"},"proxy":{"address":{"address":"130.180.231.213","port":8355},"addressStr":"130.180.231.213:8355","host":"130.180.231.213","id":35,"password":"545n41b7z20x","port":8355,"proxyProtocal":"HTTP","proxyType":"STATIC","usable":true,"username":"hldjmuos"},"restHeaders":{},"rewordInfo":{},"simpleInfo":"35-账户[vergaviajes513@gmail.com]-代理[130.180.231.213:8355]","twitter":{"email":"em7fb4fevhu9@hotmail.com","f2aToken":"5JFGBAGP54HTY3PC","id":35,"password":"IYO30@E9qKL$Aa","username":"timar15667217"},"usable":false,"wSHeaders":{}}