{"accountBaseInfo":{"browserEnvId":9,"email":"razishaikha@gmail.com","id":9,"password":"J%ca*UdMLVfhVl","proxyId":9,"restHeaders":{},"twitterId":9,"type":"google","wSHeaders":{}},"browserEnv":{"headers":{"user-agent":"Mozilla/55.0 (Windows NT 10.0; Win64; x64) AppleWebKit/537.36 (KHTML, like Gecko) Chrome/130.0.6723.116 Safari/537.36"},"id":9},"connectStatusInfo":{"connectStatus":"NEW","errorHeartBeat":0,"heartBeat":0,"restart":0,"startDateTime":"2025-02-14T00:10:31.592393000"},"name":"razishaikha@gmail.com","params":{"token_expire_time":"1740324916496","submittedAt":"1739463037994","token":"eyJhbGciOiJIUzI1NiJ9.eyJ1c2VySWQiOiI2NzkyM2Y1YjFiNGMwZjQ2NDQ5ZmJlNDQiLCJzaWduZWRBdCI6MTczOTQ2MDkxNjQ5NiwiaWQiOiJUSzNWMFVRMERQM1ZCQ003IiwidHlwZSI6ImFjY2Vzc1Rva2VuIn0.aAK6DZnOl4QpvXNyWexbHi8Qn6UBZzduGHJ6t5w7RrY"},"proxy":{"address":{"address":"46.203.47.201","port":5700},"addressStr":"46.203.47.201:5700","host":"46.203.47.201","id":9,"password":"545n41b7z20x","port":5700,"proxyProtocal":"HTTP","proxyType":"STATIC","usable":true,"username":"hldjmuos"},"restHeaders":{},"rewordInfo":{},"simpleInfo":"9-账户[razishaikha@gmail.com]-代理[46.203.47.201:5700]","twitter":{"email":"fgihq235hvw@hotmail.com","f2aToken":"SJZEPGGUDCLLE32D","id":9,"password":"Zy*HCjS)IxK#TL","username":"ybuao53554418"},"usable":false,"wSHeaders":{}}