{"accountBaseInfo":{"browserEnvId":4,"email":"saeidlajosnetunde@gmail.com","id":4,"password":"123456789Abc.","proxyId":4,"restHeaders":{},"twitterId":4,"type":"google","wSHeaders":{}},"browserEnv":{"headers":{"user-agent":"Mozilla/55.0 (Windows NT 10.0; Win64; x64) AppleWebKit/537.36 (KHTML, like Gecko) Chrome/130.0.6723.91 Safari/537.36"},"id":4},"connectStatusInfo":{"connectStatus":"NEW","errorHeartBeat":0,"heartBeat":0,"restart":0,"startDateTime":"2025-02-14T00:10:31.593580000"},"name":"saeidlajosnetunde@gmail.com","params":{"token_expire_time":"1740326886858","submittedAt":"1739463036837","token":"eyJhbGciOiJIUzI1NiJ9.eyJ1c2VySWQiOiI2NzkyMzQ3ZDM4ZThhZTAyMmE4NWI1MTgiLCJzaWduZWRBdCI6MTczOTQ2Mjg4Njg1OCwiaWQiOiJLUjNQMzY3WktMMVlKVThDIiwidHlwZSI6ImFjY2Vzc1Rva2VuIn0.IN9wI_ATnnNHj_C62-r9V3fp5Z9TqA4gMCdJUiI1M0s"},"proxy":{"address":{"address":"192.46.201.229","port":6743},"addressStr":"192.46.201.229:6743","host":"192.46.201.229","id":4,"password":"545n41b7z20x","port":6743,"proxyProtocal":"HTTP","proxyType":"STATIC","usable":true,"username":"hldjmuos"},"restHeaders":{},"rewordInfo":{},"simpleInfo":"4-账户[saeidlajosnetunde@gmail.com]-代理[192.46.201.229:6743]","twitter":{"email":"fod42opqu@outlook.com","f2aToken":"IYDJKSWSTWCDLVEQ","id":4,"password":"cvA2U3Bo9#fReA","username":"wqytr34335919"},"usable":false,"wSHeaders":{}}