{"accountBaseInfo":{"browserEnvId":45,"email":"poonthottathilbittu@gmail.com","id":45,"password":"C5%Xy#R6njyjIg","proxyId":45,"restHeaders":{},"twitterId":45,"type":"google","wSHeaders":{}},"browserEnv":{"headers":{"user-agent":"Mozilla/55.0 (Windows NT 10.0; Win64; x64) AppleWebKit/537.36 (KHTML, like Gecko) Chrome/129.0.6668.70 Safari/537.36"},"id":45},"connectStatusInfo":{"connectStatus":"NEW","errorHeartBeat":0,"heartBeat":0,"restart":0,"startDateTime":"2025-02-14T00:10:31.593662000"},"name":"poonthottathilbittu@gmail.com","params":{"token_expire_time":"1740326169967","submittedAt":"1739463036155","token":"eyJhbGciOiJIUzI1NiJ9.eyJ1c2VySWQiOiI2NzkyNTRlZDM4ZThhZTAyMmE4ZDZmMDkiLCJzaWduZWRBdCI6MTczOTQ2MjE2OTk2NywiaWQiOiJFVjdTRDBCMUJRNloyNkFRIiwidHlwZSI6ImFjY2Vzc1Rva2VuIn0.RJ_ug-o5J0HtIM46IJ5kB1Ig35BWGe-LCpMA_g_N3KA"},"proxy":{"address":{"address":"46.203.86.201","port":5701},"addressStr":"46.203.86.201:5701","host":"46.203.86.201","id":45,"password":"545n41b7z20x","port":5701,"proxyProtocal":"HTTP","proxyType":"STATIC","usable":true,"username":"hldjmuos"},"restHeaders":{},"rewordInfo":{},"simpleInfo":"45-账户[poonthottathilbittu@gmail.com]-代理[46.203.86.201:5701]","twitter":{"email":"qjwrw3o48h4i4@hotmail.com","f2aToken":"G5EED2PKDAEZJ4BX","id":45,"password":"rw)QF8VtfhVY%b","username":"lwwug75212768"},"usable":false,"wSHeaders":{}}