{"accountBaseInfo":{"browserEnvId":6,"email":"azayawilviert333@gmail.com","id":6,"password":"wnZB!hS58fHpsd","proxyId":6,"restHeaders":{},"twitterId":6,"type":"google","wSHeaders":{}},"browserEnv":{"headers":{"user-agent":"Mozilla/55.0 (Windows NT 10.0; Win64; x64) AppleWebKit/537.36 (KHTML, like Gecko) Chrome/130.0.6723.69 Safari/537.36"},"id":6},"connectStatusInfo":{"connectStatus":"NEW","errorHeartBeat":0,"heartBeat":0,"restart":0,"startDateTime":"2025-02-14T00:10:31.596331000"},"name":"azayawilviert333@gmail.com","params":{"token_expire_time":"1740326209133","submittedAt":"1739463036979","token":"eyJhbGciOiJIUzI1NiJ9.eyJ1c2VySWQiOiI2NzkyMzRmNDM4YzUwYzAxNmQ1NDRjZjkiLCJzaWduZWRBdCI6MTczOTQ2MjIwOTEzMywiaWQiOiJYTkxUOFlTT1FESENYUEFGIiwidHlwZSI6ImFjY2Vzc1Rva2VuIn0.Bk0DrfzR_ERvsOM_dhiSjooX4IKhCuyWX4zPF4VnvzE"},"proxy":{"address":{"address":"192.46.201.190","port":6704},"addressStr":"192.46.201.190:6704","host":"192.46.201.190","id":6,"password":"545n41b7z20x","port":6704,"proxyProtocal":"HTTP","proxyType":"STATIC","usable":true,"username":"hldjmuos"},"restHeaders":{},"rewordInfo":{},"simpleInfo":"6-账户[azayawilviert333@gmail.com]-代理[192.46.201.190:6704]","twitter":{"email":"g69cx70s59r1e@outlook.com","f2aToken":"F3TLTMADB3P7ZAT4","id":6,"password":")sashbFrbz4HoA","username":"xbjlm97852221"},"usable":false,"wSHeaders":{}}