{"accountBaseInfo":{"browserEnvId":8,"email":"copettefarzon@gmail.com","id":8,"password":"1GJ!C%3b08)bt#","proxyId":8,"restHeaders":{},"twitterId":8,"type":"google","wSHeaders":{}},"browserEnv":{"headers":{"user-agent":"Mozilla/55.0 (Windows NT 10.0; Win64; x64) AppleWebKit/537.36 (KHTML, like Gecko) Chrome/130.0.6723.70 Safari/537.36"},"id":8},"connectStatusInfo":{"connectStatus":"NEW","errorHeartBeat":0,"heartBeat":0,"restart":0,"startDateTime":"2025-02-14T00:10:31.592909000"},"name":"copettefarzon@gmail.com","params":{"token_expire_time":"1740326150611","submittedAt":"1739463036676","token":"eyJhbGciOiJIUzI1NiJ9.eyJ1c2VySWQiOiI2NzkyM2YzOGZkNWFjM2E2YWQ3NzFhNTEiLCJzaWduZWRBdCI6MTczOTQ2MjE1MDYxMSwiaWQiOiJIV1gyQVdGU1RVTzZYSExUIiwidHlwZSI6ImFjY2Vzc1Rva2VuIn0.r5LesF_fAsGcqsw51O5U9MoCQ_aOdV_1_5aNRmKvkJM"},"proxy":{"address":{"address":"192.46.201.209","port":6723},"addressStr":"192.46.201.209:6723","host":"192.46.201.209","id":8,"password":"545n41b7z20x","port":6723,"proxyProtocal":"HTTP","proxyType":"STATIC","usable":true,"username":"hldjmuos"},"restHeaders":{},"rewordInfo":{},"simpleInfo":"8-账户[copettefarzon@gmail.com]-代理[192.46.201.209:6723]","twitter":{"email":"g67jntpizqedy@hotmail.com","f2aToken":"Z7MJOM23Q2Z7CT4J","id":8,"password":"s#mo(QvUeq0MM6","username":"qavlu37119263"},"usable":false,"wSHeaders":{}}