{"accountBaseInfo":{"browserEnvId":15,"email":"jamileheston733@gmail.com","id":15,"password":"tEW6L7t!Lq1czN","proxyId":15,"restHeaders":{},"twitterId":15,"type":"google","wSHeaders":{}},"browserEnv":{"headers":{"user-agent":"Mozilla/55.0 (Windows NT 10.0; Win64; x64) AppleWebKit/537.36 (KHTML, like Gecko) Chrome/130.0.6723.92 Safari/537.36"},"id":15},"connectStatusInfo":{"connectStatus":"NEW","errorHeartBeat":0,"heartBeat":0,"restart":0,"startDateTime":"2025-02-14T00:10:31.587346000"},"name":"jamileheston733@gmail.com","params":{"token_expire_time":"1740326096105","submittedAt":"1739463036144","token":"eyJhbGciOiJIUzI1NiJ9.eyJ1c2VySWQiOiI2NzkyNDAzMTM4YzUwYzAxNmQ1NmExMmEiLCJzaWduZWRBdCI6MTczOTQ2MjA5NjEwNSwiaWQiOiJZNk5BWlgxSzNYN0ZJNDI1IiwidHlwZSI6ImFjY2Vzc1Rva2VuIn0.GLR4EBkNIPqg9q6lIR2UJjzKWuEUzeg2_wv5nFoGyBc"},"proxy":{"address":{"address":"130.180.237.68","port":7011},"addressStr":"130.180.237.68:7011","host":"130.180.237.68","id":15,"password":"545n41b7z20x","port":7011,"proxyProtocal":"HTTP","proxyType":"STATIC","usable":true,"username":"hldjmuos"},"restHeaders":{},"rewordInfo":{},"simpleInfo":"15-账户[jamileheston733@gmail.com]-代理[130.180.237.68:7011]","twitter":{"email":"zhtqkw9y4dzq5@outlook.com","f2aToken":"UH6DH42QJ7MKZZIB","id":15,"password":"CWbp29pE0MMD#T","username":"ktvho43119796"},"usable":false,"wSHeaders":{}}