{"accountBaseInfo":{"browserEnvId":10,"email":"machisayil646@gmail.com","id":10,"password":"X#CUc)oxOeX1o^","proxyId":10,"restHeaders":{},"twitterId":10,"type":"google","wSHeaders":{}},"browserEnv":{"headers":{"user-agent":"Mozilla/55.0 (Windows NT 10.0; Win64; x64) AppleWebKit/537.36 (KHTML, like Gecko) Chrome/130.0.6723.59 Safari/537.36"},"id":10},"connectStatusInfo":{"connectStatus":"NEW","errorHeartBeat":0,"heartBeat":0,"restart":0,"startDateTime":"2025-02-14T00:10:31.596110000"},"name":"machisayil646@gmail.com","params":{"token_expire_time":"1740326202506","submittedAt":"1739463035708","token":"eyJhbGciOiJIUzI1NiJ9.eyJ1c2VySWQiOiI2NzkyM2Y4NDM4ZThhZTAyMmE4ODBkZWYiLCJzaWduZWRBdCI6MTczOTQ2MjIwMjUwNiwiaWQiOiJJTUs1MU1RVjROWjJIRUU2IiwidHlwZSI6ImFjY2Vzc1Rva2VuIn0.v_M0HVwZDSExqp5NFAfGRe2Kz_YtWjmGZVMUe-7jdk4"},"proxy":{"address":{"address":"46.203.15.221","port":7222},"addressStr":"46.203.15.221:7222","host":"46.203.15.221","id":10,"password":"545n41b7z20x","port":7222,"proxyProtocal":"HTTP","proxyType":"STATIC","usable":true,"username":"hldjmuos"},"restHeaders":{},"rewordInfo":{},"simpleInfo":"10-账户[machisayil646@gmail.com]-代理[46.203.15.221:7222]","twitter":{"email":"vwkyj30nmc1v@hotmail.com","f2aToken":"N2RDXI5S32M32JGI","id":10,"password":"vM(UM69EZ0P9wu","username":"dlxli51797942"},"usable":false,"wSHeaders":{}}