{"accountBaseInfo":{"browserEnvId":29,"email":"abdoobroudic@gmail.com","id":29,"password":"nA6FfSOuQdVo)b","proxyId":29,"restHeaders":{},"twitterId":29,"type":"google","wSHeaders":{}},"browserEnv":{"headers":{"user-agent":"Mozilla/55.0 (Windows NT 10.0; Win64; x64) AppleWebKit/537.36 (KHTML, like Gecko) Chrome/130.0.6723.69 Safari/537.36"},"id":29},"connectStatusInfo":{"connectStatus":"NEW","errorHeartBeat":0,"heartBeat":0,"restart":0,"startDateTime":"2025-02-14T00:10:31.592095000"},"name":"abdoobroudic@gmail.com","params":{"token_expire_time":"1740326134411","submittedAt":"1739463037337","token":"eyJhbGciOiJIUzI1NiJ9.eyJ1c2VySWQiOiI2NzkyNGYyNGZkNWFjM2E2YWQ3YTU3MDEiLCJzaWduZWRBdCI6MTczOTQ2MjEzNDQxMSwiaWQiOiJWRjJNQTNUTkk4Q1FVTFJGIiwidHlwZSI6ImFjY2Vzc1Rva2VuIn0.tt5WXbH4vDUvyl9ce2kz7vFbJ_iwLIPyc0iho4Xi4eA"},"proxy":{"address":{"address":"130.180.228.8","port":6292},"addressStr":"130.180.228.8:6292","host":"130.180.228.8","id":29,"password":"545n41b7z20x","port":6292,"proxyProtocal":"HTTP","proxyType":"STATIC","usable":true,"username":"hldjmuos"},"restHeaders":{},"rewordInfo":{},"simpleInfo":"29-账户[abdoobroudic@gmail.com]-代理[130.180.228.8:6292]","twitter":{"email":"x8ovbjiet@outlook.com","f2aToken":"7XYLGWORDD7IJNKN","id":29,"password":"dgIs9UjQ2NS6Mr","username":"jbmqk78153326"},"usable":false,"wSHeaders":{}}