{"accountBaseInfo":{"browserEnvId":18,"email":"gudeliocleary@gmail.com","id":18,"password":"Gpf6V0v$$@&cp9","proxyId":18,"restHeaders":{},"twitterId":18,"type":"google","wSHeaders":{}},"browserEnv":{"headers":{"user-agent":"Mozilla/55.0 (Windows NT 10.0; Win64; x64) AppleWebKit/537.36 (KHTML, like Gecko) Chrome/130.0.6723.70 Safari/537.36"},"id":18},"connectStatusInfo":{"connectStatus":"NEW","errorHeartBeat":0,"heartBeat":0,"restart":0,"startDateTime":"2025-02-14T00:10:31.591453000"},"name":"gudeliocleary@gmail.com","params":{"token_expire_time":"1740326123487","submittedAt":"1739463036043","token":"eyJhbGciOiJIUzI1NiJ9.eyJ1c2VySWQiOiI2NzkyNDgxYjM4YzUwYzAxNmQ1N2UxMWEiLCJzaWduZWRBdCI6MTczOTQ2MjEyMzQ4NywiaWQiOiJWSTNIOUpQR0xOOTlSMTYzIiwidHlwZSI6ImFjY2Vzc1Rva2VuIn0.p5tKcQwGciiMzAzpIxdSs5UbgpdnLSUzIqBJUEI8CHs"},"proxy":{"address":{"address":"192.46.201.76","port":6590},"addressStr":"192.46.201.76:6590","host":"192.46.201.76","id":18,"password":"545n41b7z20x","port":6590,"proxyProtocal":"HTTP","proxyType":"STATIC","usable":true,"username":"hldjmuos"},"restHeaders":{},"rewordInfo":{},"simpleInfo":"18-账户[gudeliocleary@gmail.com]-代理[192.46.201.76:6590]","twitter":{"email":"m9b6w1v9y@outlook.com","f2aToken":"UPTZUFVOM3FITT3T","id":18,"password":"6$QSlG303*0TWX","username":"tqlco73151837"},"usable":false,"wSHeaders":{}}