{"accountBaseInfo":{"browserEnvId":34,"email":"ajazueyanagi@gmail.com","id":34,"password":"Q3UWWufK3iB0ZZ","proxyId":34,"restHeaders":{},"twitterId":34,"type":"google","wSHeaders":{}},"browserEnv":{"headers":{"user-agent":"Mozilla/55.0 (Windows NT 10.0; Win64; x64) AppleWebKit/537.36 (KHTML, like Gecko) Chrome/130.0.6723.92 Safari/537.36"},"id":34},"connectStatusInfo":{"connectStatus":"NEW","errorHeartBeat":0,"heartBeat":0,"restart":0,"startDateTime":"2025-02-14T00:10:31.591283000"},"name":"ajazueyanagi@gmail.com","params":{"token_expire_time":"1740326122740","submittedAt":"1739463036377","token":"eyJhbGciOiJIUzI1NiJ9.eyJ1c2VySWQiOiI2NzkyNTI1N2ZkNWFjM2E2YWQ3YmRlNGYiLCJzaWduZWRBdCI6MTczOTQ2MjEyMjc0MCwiaWQiOiJDMUgyQTFIVFg5UjNCU0I3IiwidHlwZSI6ImFjY2Vzc1Rva2VuIn0.P8n-p3B__y96ZWzwtGCF0Ol1jj9PAKz9DQtWwT-Zbbc"},"proxy":{"address":{"address":"46.203.30.84","port":6085},"addressStr":"46.203.30.84:6085","host":"46.203.30.84","id":34,"password":"545n41b7z20x","port":6085,"proxyProtocal":"HTTP","proxyType":"STATIC","usable":true,"username":"hldjmuos"},"restHeaders":{},"rewordInfo":{},"simpleInfo":"34-账户[ajazueyanagi@gmail.com]-代理[46.203.30.84:6085]","twitter":{"email":"viishfoffa97@hotmail.com","f2aToken":"TO35WKFSF3CVBVML","id":34,"password":"*)QKjAtBeofBF%","username":"wmoqu76559927"},"usable":false,"wSHeaders":{}}