{"accountBaseInfo":{"browserEnvId":39,"email":"zulfikarikobi@gmail.com","id":39,"password":"Gmk&ekIcb@2WVa","proxyId":39,"restHeaders":{},"twitterId":39,"type":"google","wSHeaders":{}},"browserEnv":{"headers":{"user-agent":"Mozilla/55.0 (Windows NT 10.0; Win64; x64) AppleWebKit/537.36 (KHTML, like Gecko) Chrome/130.0.6723.117 Safari/537.36"},"id":39},"connectStatusInfo":{"connectStatus":"NEW","errorHeartBeat":0,"heartBeat":0,"restart":0,"startDateTime":"2025-02-14T00:10:31.588315000"},"name":"zulfikarikobi@gmail.com","params":{"token_expire_time":"1740326106552","submittedAt":"1739463037424","token":"eyJhbGciOiJIUzI1NiJ9.eyJ1c2VySWQiOiI2NzkyNTI2MDkwNGRkZjQ5NDY1ZDU2ZWIiLCJzaWduZWRBdCI6MTczOTQ2MjEwNjU1MiwiaWQiOiJLRUhHNVlTRUs0T0hTVExEIiwidHlwZSI6ImFjY2Vzc1Rva2VuIn0.27enLrzGfewTsAd6uLgG2Zx9hd66tVCK2ASujy3YVng"},"proxy":{"address":{"address":"130.180.232.32","port":8470},"addressStr":"130.180.232.32:8470","host":"130.180.232.32","id":39,"password":"545n41b7z20x","port":8470,"proxyProtocal":"HTTP","proxyType":"STATIC","usable":true,"username":"hldjmuos"},"restHeaders":{},"rewordInfo":{},"simpleInfo":"39-账户[zulfikarikobi@gmail.com]-代理[130.180.232.32:8470]","twitter":{"email":"msoakusazt@hotmail.com","f2aToken":"UPZJPFJLR2DFDZ7B","id":39,"password":"oqKKgP!BsaKKow","username":"frlcv83747555"},"usable":false,"wSHeaders":{}}