{"accountBaseInfo":{"browserEnvId":28,"email":"tutzinyilber@gmail.com","id":28,"password":"(amzp@nbKN3veZ","proxyId":28,"restHeaders":{},"twitterId":28,"type":"google","wSHeaders":{}},"browserEnv":{"headers":{"user-agent":"Mozilla/55.0 (Windows NT 10.0; Win64; x64) AppleWebKit/537.36 (KHTML, like Gecko) Chrome/129.0.6668.101 Safari/537.36"},"id":28},"connectStatusInfo":{"connectStatus":"NEW","errorHeartBeat":0,"heartBeat":0,"restart":0,"startDateTime":"2025-02-14T00:10:31.593431000"},"name":"tutzinyilber@gmail.com","params":{"token_expire_time":"1740326151143","submittedAt":"1739463035826","token":"eyJhbGciOiJIUzI1NiJ9.eyJ1c2VySWQiOiI2NzkyNGYxOWZkNWFjM2E2YWQ3YTUwODAiLCJzaWduZWRBdCI6MTczOTQ2MjE1MTE0MywiaWQiOiIzN0dETU1FT0hSVFlTS0UzIiwidHlwZSI6ImFjY2Vzc1Rva2VuIn0.bKxB6x9KYcVF0OGmQoox2zsqhH_Qa_JlVp2Zq2UUeMM"},"proxy":{"address":{"address":"130.180.233.122","port":7693},"addressStr":"130.180.233.122:7693","host":"130.180.233.122","id":28,"password":"545n41b7z20x","port":7693,"proxyProtocal":"HTTP","proxyType":"STATIC","usable":true,"username":"hldjmuos"},"restHeaders":{},"rewordInfo":{},"simpleInfo":"28-账户[tutzinyilber@gmail.com]-代理[130.180.233.122:7693]","twitter":{"email":"noha1c2ynu@outlook.com","f2aToken":"SVTNVPDKUUCQFZZK","id":28,"password":"ZUmPSZxhGA0qeC","username":"fskxg12774145"},"usable":false,"wSHeaders":{}}