{"accountBaseInfo":{"browserEnvId":43,"email":"harmandeepmorton669@gmail.com","id":43,"password":"sBfnK&o4s97E(#","proxyId":43,"restHeaders":{},"twitterId":43,"type":"google","wSHeaders":{}},"browserEnv":{"headers":{"user-agent":"Mozilla/55.0 (Windows NT 10.0; Win64; x64) AppleWebKit/537.36 (KHTML, like Gecko) Chrome/130.0.6723.116 Safari/537.36"},"id":43},"connectStatusInfo":{"connectStatus":"NEW","errorHeartBeat":0,"heartBeat":0,"restart":0,"startDateTime":"2025-02-14T00:10:31.590629000"},"name":"harmandeepmorton669@gmail.com","params":{"token_expire_time":"1740326096450","submittedAt":"1739463035580","token":"eyJhbGciOiJIUzI1NiJ9.eyJ1c2VySWQiOiI2NzkyNTRkM2ZkNWFjM2E2YWQ3YzgzNDciLCJzaWduZWRBdCI6MTczOTQ2MjA5NjQ1MCwiaWQiOiJRTEhKNkZGTkdCQkVYUTFKIiwidHlwZSI6ImFjY2Vzc1Rva2VuIn0.TH7FKyZe2gp8K3x-XsX3LPGY9mtOoSCaPJGwfgU8rQY"},"proxy":{"address":{"address":"46.203.82.248","port":6248},"addressStr":"46.203.82.248:6248","host":"46.203.82.248","id":43,"password":"545n41b7z20x","port":6248,"proxyProtocal":"HTTP","proxyType":"STATIC","usable":true,"username":"hldjmuos"},"restHeaders":{},"rewordInfo":{},"simpleInfo":"43-账户[harmandeepmorton669@gmail.com]-代理[46.203.82.248:6248]","twitter":{"email":"n8s16tizwdr0j@hotmail.com","f2aToken":"7DBTAACK2FZHIUPN","id":43,"password":"#WTQ!D2!6MoTgC","username":"quoze59943919"},"usable":false,"wSHeaders":{}}