{"accountBaseInfo":{"browserEnvId":14,"email":"faviuchiha22@gmail.com","id":14,"password":"YYc7KQ2%zNJk)b","proxyId":14,"restHeaders":{},"twitterId":14,"type":"google","wSHeaders":{}},"browserEnv":{"headers":{"user-agent":"Mozilla/55.0 (Windows NT 10.0; Win64; x64) AppleWebKit/537.36 (KHTML, like Gecko) Chrome/130.0.6723.70 Safari/537.36"},"id":14},"connectStatusInfo":{"connectStatus":"NEW","errorHeartBeat":0,"heartBeat":0,"restart":0,"startDateTime":"2025-02-14T00:10:31.590835000"},"name":"faviuchiha22@gmail.com","params":{"token_expire_time":"1740326095836","submittedAt":"1739463036902","token":"eyJhbGciOiJIUzI1NiJ9.eyJ1c2VySWQiOiI2NzkyNDAwYTFiNGMwZjQ2NDQ5ZmQ5YWYiLCJzaWduZWRBdCI6MTczOTQ2MjA5NTgzNiwiaWQiOiJWNzM5VDlQWlhOVDZYRzRXIiwidHlwZSI6ImFjY2Vzc1Rva2VuIn0.2XdMuS5zVp8-Es57loca_Y9-2kSG4BhAC543rax-2HI"},"proxy":{"address":{"address":"46.203.91.72","port":5570},"addressStr":"46.203.91.72:5570","host":"46.203.91.72","id":14,"password":"545n41b7z20x","port":5570,"proxyProtocal":"HTTP","proxyType":"STATIC","usable":true,"username":"hldjmuos"},"restHeaders":{},"rewordInfo":{},"simpleInfo":"14-账户[faviuchiha22@gmail.com]-代理[46.203.91.72:5570]","twitter":{"email":"ibt5jxmbxk@outlook.com","f2aToken":"YTYRY64GXFKG3BP4","id":14,"password":"HthRnj!X27F@rR","username":"hydnd62166442"},"usable":false,"wSHeaders":{}}