{"accountBaseInfo":{"browserEnvId":2,"email":"deyllotvishesh940@gmail.com","id":2,"password":"%q3(b&mfObLibn","proxyId":2,"restHeaders":{},"twitterId":2,"type":"google","wSHeaders":{}},"browserEnv":{"headers":{"user-agent":"Mozilla/55.0 (Windows NT 10.0; Win64; x64) AppleWebKit/537.36 (KHTML, like Gecko) Chrome/127.0.6533.119 Safari/537.36"},"id":2},"connectStatusInfo":{"connectStatus":"NEW","errorHeartBeat":0,"heartBeat":0,"restart":0},"name":"deyllotvishesh940@gmail.com","params":{"token_expire_time":"1740326096141","submittedAt":"1739283429065","token":"eyJhbGciOiJIUzI1NiJ9.eyJ1c2VySWQiOiI2NzkyMzNlMDFiNGMwZjQ2NDQ5ZDQ5NzkiLCJzaWduZWRBdCI6MTczOTQ2MjA5NjE0MSwiaWQiOiJDMzZSTDNRNUQ4RUNUVE1FIiwidHlwZSI6ImFjY2Vzc1Rva2VuIn0.uylym-cWdKILs6MXjWFVeoCXLRYtCsRdUMvu3RfB-zE"},"proxy":{"address":{"address":"46.203.161.123","port":5620},"addressStr":"46.203.161.123:5620","host":"46.203.161.123","id":2,"password":"545n41b7z20x","port":5620,"proxyProtocal":"HTTP","proxyType":"STATIC","usable":true,"username":"hldjmuos"},"restHeaders":{},"rewordInfo":{},"simpleInfo":"2-账户[deyllotvishesh940@gmail.com]-代理[46.203.161.123:5620]","twitter":{"email":"ztphfugbtgs77@hotmail.com","f2aToken":"IONUSSK7PM2CHE33","id":2,"password":"WYnY(nsi*%*$P@","username":"xrtjr83712216"},"usable":false,"wSHeaders":{}}