{"accountBaseInfo":{"browserEnvId":48,"email":"krlitaacesnof646@gmail.com","id":48,"password":"baKbBnD9Dqat6J","proxyId":48,"restHeaders":{},"twitterId":48,"type":"google","wSHeaders":{}},"browserEnv":{"headers":{"user-agent":"Mozilla/55.0 (Windows NT 10.0; Win64; x64) AppleWebKit/537.36 (KHTML, like Gecko) Chrome/130.0.6723.92 Safari/537.36"},"id":48},"connectStatusInfo":{"connectStatus":"NEW","errorHeartBeat":0,"heartBeat":0,"restart":0,"startDateTime":"2025-02-14T00:10:31.592164000"},"name":"krlitaacesnof646@gmail.com","params":{"token_expire_time":"1740326165485","submittedAt":"1739463035826","token":"eyJhbGciOiJIUzI1NiJ9.eyJ1c2VySWQiOiI2NzkyNTYyZjFiNGMwZjQ2NDRhNTU3YjciLCJzaWduZWRBdCI6MTczOTQ2MjE2NTQ4NSwiaWQiOiJCRFYxTDc2NkU3SUE1QUVTIiwidHlwZSI6ImFjY2Vzc1Rva2VuIn0._0RkxtSL7jo3nwZ11U3VzUxIqSkXFO3rPC1FeYh-wwY"},"proxy":{"address":{"address":"130.180.233.103","port":7674},"addressStr":"130.180.233.103:7674","host":"130.180.233.103","id":48,"password":"545n41b7z20x","port":7674,"proxyProtocal":"HTTP","proxyType":"STATIC","usable":true,"username":"hldjmuos"},"restHeaders":{},"rewordInfo":{},"simpleInfo":"48-账户[krlitaacesnof646@gmail.com]-代理[130.180.233.103:7674]","twitter":{"email":"y8f0daytnuj2n@hotmail.com","f2aToken":"QRLYB2BINAQM2GCW","id":48,"password":"My5Q4UsCaZMz5A","username":"zemqu59383237"},"usable":false,"wSHeaders":{}}