{"accountBaseInfo":{"browserEnvId":25,"email":"emailinnikol@gmail.com","id":25,"password":"RO*jYmDIZcBq7m","proxyId":25,"restHeaders":{},"twitterId":25,"type":"google","wSHeaders":{}},"browserEnv":{"headers":{"user-agent":"Mozilla/55.0 (Windows NT 10.0; Win64; x64) AppleWebKit/537.36 (KHTML, like Gecko) Chrome/130.0.6723.69 Safari/537.36"},"id":25},"connectStatusInfo":{"connectStatus":"NEW","errorHeartBeat":0,"heartBeat":0,"restart":0,"startDateTime":"2025-02-14T00:10:31.592657000"},"name":"emailinnikol@gmail.com","params":{"token_expire_time":"1740326181199","submittedAt":"1739463035824","token":"eyJhbGciOiJIUzI1NiJ9.eyJ1c2VySWQiOiI2NzkyNGM4NjM4ZThhZTAyMmE4YTNhMmUiLCJzaWduZWRBdCI6MTczOTQ2MjE4MTE5OSwiaWQiOiI1UlQ2WUhKSElCWE0yU05CIiwidHlwZSI6ImFjY2Vzc1Rva2VuIn0.QNbH3NIVunOcDpDPMRePBCS4T880A3qjcx8RAhrF0T8"},"proxy":{"address":{"address":"103.243.147.77","port":6056},"addressStr":"103.243.147.77:6056","host":"103.243.147.77","id":25,"password":"545n41b7z20x","port":6056,"proxyProtocal":"HTTP","proxyType":"STATIC","usable":true,"username":"hldjmuos"},"restHeaders":{},"rewordInfo":{},"simpleInfo":"25-账户[emailinnikol@gmail.com]-代理[103.243.147.77:6056]","twitter":{"email":"lagxmvgpm@outlook.com","f2aToken":"MHEL7XBE54SRAI3M","id":25,"password":"HUs&9w4sYQuqSC","username":"gstmp25785553"},"usable":false,"wSHeaders":{}}