{"accountBaseInfo":{"browserEnvId":46,"email":"skrodr9@gmail.com","id":46,"password":"*(iY(Tfu7u7JVy","proxyId":46,"restHeaders":{},"twitterId":46,"type":"google","wSHeaders":{}},"browserEnv":{"headers":{"user-agent":"Mozilla/55.0 (Windows NT 10.0; Win64; x64) AppleWebKit/537.36 (KHTML, like Gecko) Chrome/129.0.6668.59 Safari/537.36"},"id":46},"connectStatusInfo":{"connectStatus":"NEW","errorHeartBeat":0,"heartBeat":0,"restart":0,"startDateTime":"2025-02-14T00:10:31.594280000"},"name":"skrodr9@gmail.com","params":{"token_expire_time":"1740326176906","submittedAt":"1739463035470","token":"eyJhbGciOiJIUzI1NiJ9.eyJ1c2VySWQiOiI2NzkyNTRmNjkwNGRkZjQ5NDY1ZGZiNzciLCJzaWduZWRBdCI6MTczOTQ2MjE3NjkwNiwiaWQiOiI3SllGRDdGTUtITjJFWDBOIiwidHlwZSI6ImFjY2Vzc1Rva2VuIn0.qzaLzMy1F4qgkNYw-uJ3GVosXWo_DjzLRJNOTMTmbkk"},"proxy":{"address":{"address":"130.180.232.23","port":8461},"addressStr":"130.180.232.23:8461","host":"130.180.232.23","id":46,"password":"545n41b7z20x","port":8461,"proxyProtocal":"HTTP","proxyType":"STATIC","usable":true,"username":"hldjmuos"},"restHeaders":{},"rewordInfo":{},"simpleInfo":"46-账户[skrodr9@gmail.com]-代理[130.180.232.23:8461]","twitter":{"email":"wfmdtothwyfzs@hotmail.com","f2aToken":"WY7HQWMH5FTRC52Y","id":46,"password":"OW)kh66xyZp%Op","username":"qpzxg87881866"},"usable":false,"wSHeaders":{}}