{"accountBaseInfo":{"browserEnvId":49,"email":"baucomhaider178@gmail.com","id":49,"password":"DkbvDqFkRV@il*1","proxyId":49,"restHeaders":{},"twitterId":49,"type":"google","wSHeaders":{}},"browserEnv":{"headers":{"user-agent":"Mozilla/55.0 (Windows NT 10.0; Win64; x64) AppleWebKit/537.36 (KHTML, like Gecko) Chrome/129.0.6668.90 Safari/537.36"},"id":49},"connectStatusInfo":{"connectStatus":"NEW","errorHeartBeat":0,"heartBeat":0,"restart":0,"startDateTime":"2025-02-14T00:10:31.593257000"},"name":"baucomhaider178@gmail.com","params":{"token_expire_time":"1740326150449","submittedAt":"1739463036575","token":"eyJhbGciOiJIUzI1NiJ9.eyJ1c2VySWQiOiI2NzkyNTY1ZmZkNWFjM2E2YWQ3Y2NiMTAiLCJzaWduZWRBdCI6MTczOTQ2MjE1MDQ0OSwiaWQiOiJTUzVCWDgyOEZSNDVCV0FIIiwidHlwZSI6ImFjY2Vzc1Rva2VuIn0.JfrxboHp-iTdJ2zlhkePca4t3oa0aJ6UDQMwR6HBhoM"},"proxy":{"address":{"address":"130.180.233.247","port":7818},"addressStr":"130.180.233.247:7818","host":"130.180.233.247","id":49,"password":"545n41b7z20x","port":7818,"proxyProtocal":"HTTP","proxyType":"STATIC","usable":true,"username":"hldjmuos"},"restHeaders":{},"rewordInfo":{},"simpleInfo":"49-账户[baucomhaider178@gmail.com]-代理[130.180.233.247:7818]","twitter":{"email":"chhxij3e33a4w@hotmail.com","f2aToken":"DMLPUQX4GG3Q4LWK","id":49,"password":"&hW2lIR(3UlG4K","username":"ytbin77993989"},"usable":false,"wSHeaders":{}}