{"accountBaseInfo":{"browserEnvId":5,"email":"huseyinkrumrei167@gmail.com","id":5,"password":"LoU1k!&jLO63NC","proxyId":5,"restHeaders":{},"twitterId":5,"type":"google","wSHeaders":{}},"browserEnv":{"headers":{"user-agent":"Mozilla/55.0 (Windows NT 10.0; Win64; x64) AppleWebKit/537.36 (KHTML, like Gecko) Chrome/130.0.6723.116 Safari/537.36"},"id":5},"connectStatusInfo":{"connectStatus":"NEW","errorHeartBeat":0,"heartBeat":0,"restart":0,"startDateTime":"2025-02-14T00:10:31.591950000"},"name":"huseyinkrumrei167@gmail.com","params":{"token_expire_time":"1740326143692","submittedAt":"1739463036767","token":"eyJhbGciOiJIUzI1NiJ9.eyJ1c2VySWQiOiI2NzkyMzQ5MTFiNGMwZjQ2NDQ5ZDcxNmYiLCJzaWduZWRBdCI6MTczOTQ2MjE0MzY5MiwiaWQiOiI3NTg3VDFGUTk0RTlFWDBOIiwidHlwZSI6ImFjY2Vzc1Rva2VuIn0.PxuAC7On7CLZ7YJKhKL39ny0abA7iYOL803j2-BJZXw"},"proxy":{"address":{"address":"46.203.86.233","port":5733},"addressStr":"46.203.86.233:5733","host":"46.203.86.233","id":5,"password":"545n41b7z20x","port":5733,"proxyProtocal":"HTTP","proxyType":"STATIC","usable":true,"username":"hldjmuos"},"restHeaders":{},"rewordInfo":{},"simpleInfo":"5-账户[huseyinkrumrei167@gmail.com]-代理[46.203.86.233:5733]","twitter":{"email":"hikriwodemu@outlook.com","f2aToken":"2LFGFQEZ7NPCV2KQ","id":5,"password":"fT%1ar$^CVTKnP","username":"gnjag74165476"},"usable":false,"wSHeaders":{}}