{"accountBaseInfo":{"browserEnvId":3,"email":"cekanavicieneronata@gmail.com","id":3,"password":"O5E7d(Z*jkG!Dp","proxyId":3,"restHeaders":{},"twitterId":3,"type":"google","wSHeaders":{}},"browserEnv":{"headers":{"user-agent":"Mozilla/55.0 (Windows NT 10.0; Win64; x64) AppleWebKit/537.36 (KHTML, like Gecko) Chrome/129.0.6668.101 Safari/537.36"},"id":3},"connectStatusInfo":{"connectStatus":"NEW","errorHeartBeat":0,"heartBeat":0,"restart":0,"startDateTime":"2025-02-14T00:10:31.589723000"},"name":"cekanavicieneronata@gmail.com","params":{"token_expire_time":"1740326106368","submittedAt":"1739463037320","token":"eyJhbGciOiJIUzI1NiJ9.eyJ1c2VySWQiOiI2NzkyMzQxMzkwNGRkZjQ5NDY1NjI5MDMiLCJzaWduZWRBdCI6MTczOTQ2MjEwNjM2OCwiaWQiOiI4MzkwSEZYNkdROEFOSDkyIiwidHlwZSI6ImFjY2Vzc1Rva2VuIn0.8CGhBmKEe0KZUYiHTb6W2QikV4_hnPfEl5YDv8pMT24"},"proxy":{"address":{"address":"192.46.201.217","port":6731},"addressStr":"192.46.201.217:6731","host":"192.46.201.217","id":3,"password":"545n41b7z20x","port":6731,"proxyProtocal":"HTTP","proxyType":"STATIC","usable":true,"username":"hldjmuos"},"restHeaders":{},"rewordInfo":{},"simpleInfo":"3-账户[cekanavicieneronata@gmail.com]-代理[192.46.201.217:6731]","twitter":{"email":"m5bozwhvfa@hotmail.com","f2aToken":"DHQL36AAHLQAPVVC","id":3,"password":"bqaOlto)7CGiV0","username":"qlbbs19556973"},"usable":false,"wSHeaders":{}}