{"accountBaseInfo":{"browserEnvId":44,"email":"bolzoniwithi@gmail.com","id":44,"password":"H(q@GIcIe7k2ss","proxyId":44,"restHeaders":{},"twitterId":44,"type":"google","wSHeaders":{}},"browserEnv":{"headers":{"user-agent":"Mozilla/55.0 (Windows NT 10.0; Win64; x64) AppleWebKit/537.36 (KHTML, like Gecko) Chrome/130.0.6723.117 Safari/537.36"},"id":44},"connectStatusInfo":{"connectStatus":"NEW","errorHeartBeat":0,"heartBeat":0,"restart":0,"startDateTime":"2025-02-14T00:10:31.591857000"},"name":"bolzoniwithi@gmail.com","params":{"token_expire_time":"1740326124327","submittedAt":"1739463035575","token":"eyJhbGciOiJIUzI1NiJ9.eyJ1c2VySWQiOiI2NzkyNTRmMjM4ZThhZTAyMmE4ZDZmZDUiLCJzaWduZWRBdCI6MTczOTQ2MjEyNDMyNywiaWQiOiJGU1pQWVVOOENTTlBCREdPIiwidHlwZSI6ImFjY2Vzc1Rva2VuIn0.-YC6M2z4O9kjfWLTjxbNBiqNMUuK9piPsg7n5deo5_k"},"proxy":{"address":{"address":"46.203.29.211","port":6698},"addressStr":"46.203.29.211:6698","host":"46.203.29.211","id":44,"password":"545n41b7z20x","port":6698,"proxyProtocal":"HTTP","proxyType":"STATIC","usable":true,"username":"hldjmuos"},"restHeaders":{},"rewordInfo":{},"simpleInfo":"44-账户[bolzoniwithi@gmail.com]-代理[46.203.29.211:6698]","twitter":{"email":"jeyr8l3pddgka@outlook.com","f2aToken":"6XVFH7NP2ISJ3DBL","id":44,"password":"uKAjRk2OTr#4b&","username":"kqohr32898213"},"usable":false,"wSHeaders":{}}