{"accountBaseInfo":{"browserEnvId":16,"email":"vidamiadiiaana@gmail.com","id":16,"password":"dYGG15MN$KmxUp","proxyId":16,"restHeaders":{},"twitterId":16,"type":"google","wSHeaders":{}},"browserEnv":{"headers":{"user-agent":"Mozilla/55.0 (Windows NT 10.0; Win64; x64) AppleWebKit/537.36 (KHTML, like Gecko) Chrome/130.0.6723.117 Safari/537.36"},"id":16},"connectStatusInfo":{"connectStatus":"NEW","errorHeartBeat":0,"heartBeat":0,"restart":0,"startDateTime":"2025-02-14T00:10:31.597455000"},"name":"vidamiadiiaana@gmail.com","params":{"token_expire_time":"1740327019672","submittedAt":"1739463034325","token":"eyJhbGciOiJIUzI1NiJ9.eyJ1c2VySWQiOiI2NzkyNDcwYmZkNWFjM2E2YWQ3ODU3YzciLCJzaWduZWRBdCI6MTczOTQ2MzAxOTY3MiwiaWQiOiIwSVNUMVpNNUdXMVJKTzBFIiwidHlwZSI6ImFjY2Vzc1Rva2VuIn0.LU3wux0Z0QGBFhsf0HOnZ4-LyItpXkux5cAMyE55Bfk"},"proxy":{"address":{"address":"198.145.103.45","port":6302},"addressStr":"198.145.103.45:6302","host":"198.145.103.45","id":16,"password":"545n41b7z20x","port":6302,"proxyProtocal":"HTTP","proxyType":"STATIC","usable":true,"username":"hldjmuos"},"restHeaders":{},"rewordInfo":{},"simpleInfo":"16-账户[vidamiadiiaana@gmail.com]-代理[198.145.103.45:6302]","twitter":{"email":"eel0jyuzw@hotmail.com","f2aToken":"BXMTR3PX3QV6KK2G","id":16,"password":"JNRwB6g2LT6mK4","username":"udcgj72173895"},"usable":false,"wSHeaders":{}}