{"accountBaseInfo":{"browserEnvId":40,"email":"muhammadalimaemunah@gmail.com","id":40,"password":"%Mk&Un!iyD4Y5D","proxyId":40,"restHeaders":{},"twitterId":40,"type":"google","wSHeaders":{}},"browserEnv":{"headers":{"user-agent":"Mozilla/55.0 (Windows NT 10.0; Win64; x64) AppleWebKit/537.36 (KHTML, like Gecko) Chrome/130.0.6723.117 Safari/537.36"},"id":40},"connectStatusInfo":{"connectStatus":"NEW","errorHeartBeat":0,"heartBeat":0,"restart":0,"startDateTime":"2025-02-14T00:10:31.597082000"},"name":"muhammadalimaemunah@gmail.com","params":{"token_expire_time":"1740326246014","submittedAt":"1739463037041","token":"eyJhbGciOiJIUzI1NiJ9.eyJ1c2VySWQiOiI2NzkyNTRiNTM4YzUwYzAxNmQ1YmRjNGYiLCJzaWduZWRBdCI6MTczOTQ2MjI0NjAxNCwiaWQiOiJJSzhVTFg5Q01UVjE3SEg2IiwidHlwZSI6ImFjY2Vzc1Rva2VuIn0.WwTQppV0ElsRXJCnoRfRhX9wZpog84JMcpB3Izkd44g"},"proxy":{"address":{"address":"130.180.231.236","port":8378},"addressStr":"130.180.231.236:8378","host":"130.180.231.236","id":40,"password":"545n41b7z20x","port":8378,"proxyProtocal":"HTTP","proxyType":"STATIC","usable":true,"username":"hldjmuos"},"restHeaders":{},"rewordInfo":{},"simpleInfo":"40-账户[muhammadalimaemunah@gmail.com]-代理[130.180.231.236:8378]","twitter":{"email":"vnc3y4tsugg@hotmail.com","f2aToken":"KIMBYTQQ3RH4WNNS","id":40,"password":"Ji0$iogdyFmG@j","username":"gvicy72824877"},"usable":false,"wSHeaders":{}}