{"accountBaseInfo":{"browserEnvId":13,"email":"puentesjacintaabelhas431@gmail.com","id":13,"password":"%PS8J30q1gUkd8","proxyId":13,"restHeaders":{},"twitterId":13,"type":"google","wSHeaders":{}},"browserEnv":{"headers":{"user-agent":"Mozilla/55.0 (Windows NT 10.0; Win64; x64) AppleWebKit/537.36 (KHTML, like Gecko) Chrome/130.0.6723.92 Safari/537.36"},"id":13},"connectStatusInfo":{"connectStatus":"NEW","errorHeartBeat":0,"heartBeat":0,"restart":0,"startDateTime":"2025-02-14T00:10:31.591601000"},"name":"puentesjacintaabelhas431@gmail.com","params":{"token_expire_time":"1740326124263","submittedAt":"1739463035604","token":"eyJhbGciOiJIUzI1NiJ9.eyJ1c2VySWQiOiI2NzkyNDAwMDM4ZThhZTAyMmE4ODIwYTgiLCJzaWduZWRBdCI6MTczOTQ2MjEyNDI2MywiaWQiOiI4QUxQUlBXVUZCM0pZOEZGIiwidHlwZSI6ImFjY2Vzc1Rva2VuIn0.sZi3_W3hzfM3760KHFPYzbUlF38dZvGyQX8laFxLfA4"},"proxy":{"address":{"address":"192.46.203.16","port":5982},"addressStr":"192.46.203.16:5982","host":"192.46.203.16","id":13,"password":"545n41b7z20x","port":5982,"proxyProtocal":"HTTP","proxyType":"STATIC","usable":true,"username":"hldjmuos"},"restHeaders":{},"rewordInfo":{},"simpleInfo":"13-账户[puentesjacintaabelhas431@gmail.com]-代理[192.46.203.16:5982]","twitter":{"email":"ni6c75p7xe8wr@hotmail.com","f2aToken":"O7XYBLSJHIUWVUFX","id":13,"password":"jqP7kY2%E7SOkX","username":"afngb76441746"},"usable":false,"wSHeaders":{}}