{"accountBaseInfo":{"browserEnvId":36,"email":"spagnollisoy@gmail.com","id":36,"password":"izzvS1znTJZsqG","proxyId":36,"restHeaders":{},"twitterId":36,"type":"google","wSHeaders":{}},"browserEnv":{"headers":{"user-agent":"Mozilla/55.0 (Windows NT 10.0; Win64; x64) AppleWebKit/537.36 (KHTML, like Gecko) Chrome/130.0.6723.91 Safari/537.36"},"id":36},"connectStatusInfo":{"connectStatus":"NEW","errorHeartBeat":0,"heartBeat":0,"restart":0,"startDateTime":"2025-02-14T00:10:31.597952000"},"name":"spagnollisoy@gmail.com","params":{"token_expire_time":"1740326261443","submittedAt":"1739463035370","token":"eyJhbGciOiJIUzI1NiJ9.eyJ1c2VySWQiOiI2NzkyNTI2NDM4YzUwYzAxNmQ1YjQxNjkiLCJzaWduZWRBdCI6MTczOTQ2MjI2MTQ0MywiaWQiOiJURktYQ0tUMElUMzE5SklMIiwidHlwZSI6ImFjY2Vzc1Rva2VuIn0.4xSEII_4BaKLPgLVYeW8uKyQBfFXuC9G0zuT20g1XXM"},"proxy":{"address":{"address":"130.180.233.124","port":7695},"addressStr":"130.180.233.124:7695","host":"130.180.233.124","id":36,"password":"545n41b7z20x","port":7695,"proxyProtocal":"HTTP","proxyType":"STATIC","usable":true,"username":"hldjmuos"},"restHeaders":{},"rewordInfo":{},"simpleInfo":"36-账户[spagnollisoy@gmail.com]-代理[130.180.233.124:7695]","twitter":{"email":"mlfbritz2k5@outlook.com","f2aToken":"2RCAZ644Q5CIKWJQ","id":36,"password":"f&rYRS%bE$kvjA","username":"ntlki94553365"},"usable":false,"wSHeaders":{}}