{"accountBaseInfo":{"browserEnvId":41,"email":"yosiefabatte@gmail.com","id":41,"password":"(0*z7pnM3R3)Ju","proxyId":41,"restHeaders":{},"twitterId":41,"type":"google","wSHeaders":{}},"browserEnv":{"headers":{"user-agent":"Mozilla/55.0 (Windows NT 10.0; Win64; x64) AppleWebKit/537.36 (KHTML, like Gecko) Chrome/130.0.6723.117 Safari/537.36"},"id":41},"connectStatusInfo":{"connectStatus":"NEW","errorHeartBeat":0,"heartBeat":0,"restart":0,"startDateTime":"2025-02-14T00:10:31.597785000"},"name":"yosiefabatte@gmail.com","params":{"token_expire_time":"1740326244727","submittedAt":"1739463036043","token":"eyJhbGciOiJIUzI1NiJ9.eyJ1c2VySWQiOiI2NzkyNTRiNmZkNWFjM2E2YWQ3YzdkYWIiLCJzaWduZWRBdCI6MTczOTQ2MjI0NDcyNywiaWQiOiI0MkpHTFU3SE85SENYU1VDIiwidHlwZSI6ImFjY2Vzc1Rva2VuIn0.ChyV9YEjaMoF8ZNp6i5AOmgy5mgsTGMHDRWFcW3a2MY"},"proxy":{"address":{"address":"46.203.82.156","port":6156},"addressStr":"46.203.82.156:6156","host":"46.203.82.156","id":41,"password":"545n41b7z20x","port":6156,"proxyProtocal":"HTTP","proxyType":"STATIC","usable":true,"username":"hldjmuos"},"restHeaders":{},"rewordInfo":{},"simpleInfo":"41-账户[yosiefabatte@gmail.com]-代理[46.203.82.156:6156]","twitter":{"email":"hessnboder36@outlook.com","f2aToken":"LAJE3VKNIUC2AU5H","id":41,"password":"Gym9@BFkSPTVIG","username":"dzadq13878124"},"usable":false,"wSHeaders":{}}