{"browserEnv":{"headers":{"user-agent":"Mozilla/55.0 (Windows NT 10.0; Win64; x64) AppleWebKit/537.36 (KHTML, like Gecko) Chrome/130.0.6723.92 Safari/537.36"},"id":48},"clientAccount":{"browserEnvId":48,"email":"krlitaacesnof646@gmail.com","id":48,"name":"krlitaacesnof646","password":"baKbBnD9Dqat6J","proxyId":48,"restHeaders":{},"twitterId":48,"wSHeaders":{}},"connectStatusInfo":{"connectStatus":"NEW","errorHeartBeat":0,"heartBeat":0,"restart":0},"name":"krlitaacesnof646","params":{"white_list_success":"false","sol_address":"FKAYuXt4uai7BUuY4EFpb2No82Xw2cvG6EDzSwoWTtji"},"proxy":{"address":{"address":"130.180.233.103","port":7674},"addressStr":"130.180.233.103:7674","host":"130.180.233.103","id":48,"password":"545n41b7z20x","port":7674,"username":"hldjmuos"},"restHeaders":{},"rewordInfo":{},"simpleInfo":"账户[krlitaacesnof646]-代理[130.180.233.103:7674]","twitter":{"email":"y8f0daytnuj2n@hotmail.com","f2aToken":"QRLYB2BINAQM2GCW","id":48,"password":"My5Q4UsCaZMz5A","username":"zemqu59383237"},"usable":false,"wSHeaders":{}}