{"browserEnv":{"headers":{"user-agent":"Mozilla/55.0 (Windows NT 10.0; Win64; x64) AppleWebKit/537.36 (KHTML, like Gecko) Chrome/129.0.6668.59 Safari/537.36"},"id":21},"clientAccount":{"browserEnvId":21,"email":"bodnersheriff@gmail.com","id":21,"name":"bodnersheriff","password":"wDp1)sNX&&Xpl#","proxyId":21,"restHeaders":{},"twitterId":21,"wSHeaders":{}},"connectStatusInfo":{"connectStatus":"NEW","errorHeartBeat":0,"heartBeat":0,"restart":0},"name":"bodnersheriff","params":{"white_list_success":"true","sol_address":"9QYu3ALfZsubyS8tbSMUv6pm59Nh3x76CJvmpb2QoVyb"},"proxy":{"address":{"address":"46.203.82.70","port":6070},"addressStr":"46.203.82.70:6070","host":"46.203.82.70","id":21,"password":"545n41b7z20x","port":6070,"username":"hldjmuos"},"restHeaders":{},"rewordInfo":{},"simpleInfo":"账户[bodnersheriff]-代理[46.203.82.70:6070]","twitter":{"email":"szr6t5frv8f@outlook.com","f2aToken":"YTUJA22FMS3NJWTC","id":21,"password":"6cF7NzobxKm4M9","username":"iigcg53483988"},"usable":false,"wSHeaders":{}}