{"browserEnv":{"headers":{"user-agent":"Mozilla/55.0 (Windows NT 10.0; Win64; x64) AppleWebKit/537.36 (KHTML, like Gecko) Chrome/130.0.6723.70 Safari/537.36"},"id":12},"clientAccount":{"browserEnvId":12,"email":"siarlalic@gmail.com","id":12,"name":"siarlalic","password":"6Kb^q!(i@l27zA","proxyId":12,"restHeaders":{},"twitterId":12,"wSHeaders":{}},"connectStatusInfo":{"connectStatus":"NEW","errorHeartBeat":0,"heartBeat":0,"restart":0},"name":"siarlalic","params":{"white_list_success":"true","sol_address":"5wpd688Yf5brEhVShkCuU9ArL2WpGGoQZjwqpMiSNNzv"},"proxy":{"address":{"address":"46.203.47.132","port":5631},"addressStr":"46.203.47.132:5631","host":"46.203.47.132","id":12,"password":"545n41b7z20x","port":5631,"username":"hldjmuos"},"restHeaders":{},"rewordInfo":{},"simpleInfo":"账户[siarlalic]-代理[46.203.47.132:5631]","twitter":{"email":"fuz5x04ly@outlook.com","f2aToken":"ZDZDVJVBQTPK4JOD","id":12,"password":"yQ&kQ*P&5M@ISp","username":"fskmn63733285"},"usable":false,"wSHeaders":{}}