{"browserEnv":{"headers":{"user-agent":"Mozilla/55.0 (Windows NT 10.0; Win64; x64) AppleWebKit/537.36 (KHTML, like Gecko) Chrome/130.0.6723.117 Safari/537.36"},"id":40},"clientAccount":{"browserEnvId":40,"email":"muhammadalimaemunah@gmail.com","id":40,"name":"muhammadalimaemunah","password":"%Mk&Un!iyD4Y5D","proxyId":40,"restHeaders":{},"twitterId":40,"wSHeaders":{}},"connectStatusInfo":{"connectStatus":"NEW","errorHeartBeat":0,"heartBeat":0,"restart":0},"name":"muhammadalimaemunah","params":{"white_list_success":"false","sol_address":"5R98fc7rJJnhNVig8A93cXGUy5mrEUsBsJXbe71Hezht"},"proxy":{"address":{"address":"130.180.231.236","port":8378},"addressStr":"130.180.231.236:8378","host":"130.180.231.236","id":40,"password":"545n41b7z20x","port":8378,"username":"hldjmuos"},"restHeaders":{},"rewordInfo":{},"simpleInfo":"账户[muhammadalimaemunah]-代理[130.180.231.236:8378]","twitter":{"email":"vnc3y4tsugg@hotmail.com","f2aToken":"KIMBYTQQ3RH4WNNS","id":40,"password":"Ji0$iogdyFmG@j","username":"gvicy72824877"},"usable":false,"wSHeaders":{}}