{"browserEnv":{"headers":{"user-agent":"Mozilla/55.0 (Windows NT 10.0; Win64; x64) AppleWebKit/537.36 (KHTML, like Gecko) Chrome/129.0.6668.101 Safari/537.36"},"id":28},"clientAccount":{"browserEnvId":28,"email":"tutzinyilber@gmail.com","id":28,"name":"tutzinyilber","password":"(amzp@nbKN3veZ","proxyId":28,"restHeaders":{},"twitterId":28,"wSHeaders":{}},"connectStatusInfo":{"connectStatus":"NEW","errorHeartBeat":0,"heartBeat":0,"restart":0},"name":"tutzinyilber","params":{"white_list_success":"false","sol_address":"5gTuYA6HEzRhKPP5NWc44D7FQ14zcPZr4ugQbveX5x85"},"proxy":{"address":{"address":"130.180.233.122","port":7693},"addressStr":"130.180.233.122:7693","host":"130.180.233.122","id":28,"password":"545n41b7z20x","port":7693,"username":"hldjmuos"},"restHeaders":{},"rewordInfo":{},"simpleInfo":"账户[tutzinyilber]-代理[130.180.233.122:7693]","twitter":{"email":"noha1c2ynu@outlook.com","f2aToken":"SVTNVPDKUUCQFZZK","id":28,"password":"ZUmPSZxhGA0qeC","username":"fskxg12774145"},"usable":false,"wSHeaders":{}}