{"browserEnv":{"headers":{"user-agent":"Mozilla/55.0 (Windows NT 10.0; Win64; x64) AppleWebKit/537.36 (KHTML, like Gecko) Chrome/130.0.6723.70 Safari/537.36"},"id":8},"clientAccount":{"browserEnvId":8,"email":"copettefarzon@gmail.com","id":8,"name":"copettefarzon","password":"1GJ!C%3b08)bt#","proxyId":8,"restHeaders":{},"twitterId":8,"wSHeaders":{}},"connectStatusInfo":{"connectStatus":"NEW","errorHeartBeat":0,"heartBeat":0,"restart":0},"name":"copettefarzon","params":{"white_list_success":"false","sol_address":"CD5yFiFPTFJ7nA2imjGdAE5vEh6yM8e7wS1XnGatPGUv"},"proxy":{"address":{"address":"192.46.201.209","port":6723},"addressStr":"192.46.201.209:6723","host":"192.46.201.209","id":8,"password":"545n41b7z20x","port":6723,"username":"hldjmuos"},"restHeaders":{},"rewordInfo":{},"simpleInfo":"账户[copettefarzon]-代理[192.46.201.209:6723]","twitter":{"email":"g67jntpizqedy@hotmail.com","f2aToken":"Z7MJOM23Q2Z7CT4J","id":8,"password":"s#mo(QvUeq0MM6","username":"qavlu37119263"},"usable":false,"wSHeaders":{}}