{"browserEnv":{"headers":{"user-agent":"Mozilla/55.0 (Windows NT 10.0; Win64; x64) AppleWebKit/537.36 (KHTML, like Gecko) Chrome/129.0.6668.70 Safari/537.36"},"id":26},"clientAccount":{"browserEnvId":26,"email":"coyotitoraghav476@gmail.com","id":26,"name":"coyotitoraghav476","password":"i)vhvd^G7*8Y!j","proxyId":26,"restHeaders":{},"twitterId":26,"wSHeaders":{}},"connectStatusInfo":{"connectStatus":"NEW","errorHeartBeat":0,"heartBeat":0,"restart":0},"name":"coyotitoraghav476","params":{"white_list_success":"false","sol_address":"9xJBH2zLMDQ4EPwzGyVPC9ngFbS9ZTctUMDejaHaBExG"},"proxy":{"address":{"address":"192.46.200.190","port":5860},"addressStr":"192.46.200.190:5860","host":"192.46.200.190","id":26,"password":"545n41b7z20x","port":5860,"username":"hldjmuos"},"restHeaders":{},"rewordInfo":{},"simpleInfo":"账户[coyotitoraghav476]-代理[192.46.200.190:5860]","twitter":{"email":"yhuvzz9p2up8@outlook.com","f2aToken":"UVSJVVCXPC5BOHGF","id":26,"password":"^ollTNp)wvgx^j","username":"zzqug36947649"},"usable":false,"wSHeaders":{}}