{"browserEnv":{"headers":{"user-agent":"Mozilla/55.0 (Windows NT 10.0; Win64; x64) AppleWebKit/537.36 (KHTML, like Gecko) Chrome/130.0.6723.70 Safari/537.36"},"id":1},"clientAccount":{"browserEnvId":1,"email":"casselmanshayy@gmail.com","id":1,"name":"casselmanshayy","password":"mYevdnDfJ3Bw5y","proxyId":1,"restHeaders":{},"twitterId":1,"wSHeaders":{}},"connectStatusInfo":{"connectStatus":"NEW","errorHeartBeat":0,"heartBeat":0,"restart":0},"name":"casselmanshayy","params":{"white_list_success":"false","sol_address":"2kr93oGUV8rhrTyGLGiwwq4488rciUQKnKtvMMnN8fYC"},"proxy":{"address":{"address":"192.46.201.243","port":6757},"addressStr":"192.46.201.243:6757","host":"192.46.201.243","id":1,"password":"545n41b7z20x","port":6757,"username":"hldjmuos"},"restHeaders":{},"rewordInfo":{},"simpleInfo":"账户[casselmanshayy]-代理[192.46.201.243:6757]","twitter":{"email":"ayanleurtis@hotmail.com","f2aToken":"W6HAXXY3IIYLBUDP","id":1,"password":"jwQUOrsdCCR3dd","username":"qljxh36986541"},"usable":false,"wSHeaders":{}}