{"browserEnv":{"headers":{"user-agent":"Mozilla/55.0 (Windows NT 10.0; Win64; x64) AppleWebKit/537.36 (KHTML, like Gecko) Chrome/127.0.6533.119 Safari/537.36"},"id":2},"clientAccount":{"browserEnvId":2,"email":"deyllotvishesh940@gmail.com","id":2,"name":"deyllotvishesh940","password":"%q3(b&mfObLibn","proxyId":2,"restHeaders":{},"twitterId":2,"wSHeaders":{}},"connectStatusInfo":{"connectStatus":"NEW","errorHeartBeat":0,"heartBeat":0,"restart":0},"name":"deyllotvishesh940","params":{"white_list_success":"true","sol_address":"HmbVdtsWaYM8ihEEHyavsT1Fc9QVnDaN2wLExKedRvaV"},"proxy":{"address":{"address":"46.203.161.123","port":5620},"addressStr":"46.203.161.123:5620","host":"46.203.161.123","id":2,"password":"545n41b7z20x","port":5620,"username":"hldjmuos"},"restHeaders":{},"rewordInfo":{},"simpleInfo":"账户[deyllotvishesh940]-代理[46.203.161.123:5620]","twitter":{"email":"ztphfugbtgs77@hotmail.com","f2aToken":"IONUSSK7PM2CHE33","id":2,"password":"WYnY(nsi*%*$P@","username":"xrtjr83712216"},"usable":false,"wSHeaders":{}}