{"browserEnv":{"headers":{"user-agent":"Mozilla/55.0 (Windows NT 10.0; Win64; x64) AppleWebKit/537.36 (KHTML, like Gecko) Chrome/129.0.6668.101 Safari/537.36"},"id":3},"clientAccount":{"browserEnvId":3,"email":"cekanavicieneronata@gmail.com","id":3,"name":"cekanavicieneronata","password":"O5E7d(Z*jkG!Dp","proxyId":3,"restHeaders":{},"twitterId":3,"wSHeaders":{}},"connectStatusInfo":{"connectStatus":"NEW","errorHeartBeat":0,"heartBeat":0,"restart":0},"name":"cekanavicieneronata","params":{"white_list_success":"false","sol_address":"AdLZBzr4A28sbBShK551Q6sdevhrVLBcBeN49doPJqU4"},"proxy":{"address":{"address":"192.46.201.217","port":6731},"addressStr":"192.46.201.217:6731","host":"192.46.201.217","id":3,"password":"545n41b7z20x","port":6731,"username":"hldjmuos"},"restHeaders":{},"rewordInfo":{},"simpleInfo":"账户[cekanavicieneronata]-代理[192.46.201.217:6731]","twitter":{"email":"m5bozwhvfa@hotmail.com","f2aToken":"DHQL36AAHLQAPVVC","id":3,"password":"bqaOlto)7CGiV0","username":"qlbbs19556973"},"usable":false,"wSHeaders":{}}