{"browserEnv":{"headers":{"user-agent":"Mozilla/55.0 (Windows NT 10.0; Win64; x64) AppleWebKit/537.36 (KHTML, like Gecko) Chrome/130.0.6723.59 Safari/537.36"},"id":10},"clientAccount":{"browserEnvId":10,"email":"machisayil646@gmail.com","id":10,"name":"machisayil646","password":"X#CUc)oxOeX1o^","proxyId":10,"restHeaders":{},"twitterId":10,"wSHeaders":{}},"connectStatusInfo":{"connectStatus":"NEW","errorHeartBeat":0,"heartBeat":0,"restart":0},"name":"machisayil646","params":{"white_list_success":"false","sol_address":"BG2miqJxyLK3o44L7FiEe9iZHL9i9t8g7ZGuHChASJX6"},"proxy":{"address":{"address":"46.203.15.221","port":7222},"addressStr":"46.203.15.221:7222","host":"46.203.15.221","id":10,"password":"545n41b7z20x","port":7222,"username":"hldjmuos"},"restHeaders":{},"rewordInfo":{},"simpleInfo":"账户[machisayil646]-代理[46.203.15.221:7222]","twitter":{"email":"vwkyj30nmc1v@hotmail.com","f2aToken":"N2RDXI5S32M32JGI","id":10,"password":"vM(UM69EZ0P9wu","username":"dlxli51797942"},"usable":false,"wSHeaders":{}}