{"browserEnv":{"headers":{"user-agent":"Mozilla/55.0 (Windows NT 10.0; Win64; x64) AppleWebKit/537.36 (KHTML, like Gecko) Chrome/130.0.6723.69 Safari/537.36"},"id":6},"clientAccount":{"browserEnvId":6,"email":"azayawilviert333@gmail.com","id":6,"name":"azayawilviert333","password":"wnZB!hS58fHpsd","proxyId":6,"restHeaders":{},"twitterId":6,"wSHeaders":{}},"connectStatusInfo":{"connectStatus":"NEW","errorHeartBeat":0,"heartBeat":0,"restart":0},"name":"azayawilviert333","params":{"white_list_success":"false","sol_address":"iCqdneSMHDxWCg2F1dajG1waVKGrmGACZPoCSq68Dko"},"proxy":{"address":{"address":"192.46.201.190","port":6704},"addressStr":"192.46.201.190:6704","host":"192.46.201.190","id":6,"password":"545n41b7z20x","port":6704,"username":"hldjmuos"},"restHeaders":{},"rewordInfo":{},"simpleInfo":"账户[azayawilviert333]-代理[192.46.201.190:6704]","twitter":{"email":"g69cx70s59r1e@outlook.com","f2aToken":"F3TLTMADB3P7ZAT4","id":6,"password":")sashbFrbz4HoA","username":"xbjlm97852221"},"usable":false,"wSHeaders":{}}