{"browserEnv":{"headers":{"user-agent":"Mozilla/55.0 (Windows NT 10.0; Win64; x64) AppleWebKit/537.36 (KHTML, like Gecko) Chrome/130.0.6723.69 Safari/537.36"},"id":17},"clientAccount":{"browserEnvId":17,"email":"juancruzyhorhdhy@gmail.com","id":17,"name":"juancruzyhorhdhy","password":"bM@7b0L7CWyb!h","proxyId":17,"restHeaders":{},"twitterId":17,"wSHeaders":{}},"connectStatusInfo":{"connectStatus":"NEW","errorHeartBeat":0,"heartBeat":0,"restart":0},"name":"juancruzyhorhdhy","params":{"white_list_success":"false","sol_address":"93FnL1jcZ2woV7mduFrKwitvmqZQCXgwf7yqiYgssY6G"},"proxy":{"address":{"address":"192.46.201.7","port":6521},"addressStr":"192.46.201.7:6521","host":"192.46.201.7","id":17,"password":"545n41b7z20x","port":6521,"username":"hldjmuos"},"restHeaders":{},"rewordInfo":{},"simpleInfo":"账户[juancruzyhorhdhy]-代理[192.46.201.7:6521]","twitter":{"email":"yhfjtq226bcpe@hotmail.com","f2aToken":"RKS63CDG3LIMHC7T","id":17,"password":"Zs$3EsD7JlvW3y","username":"mgjeq48167782"},"usable":false,"wSHeaders":{}}