{"browserEnv":{"headers":{"user-agent":"Mozilla/55.0 (Windows NT 10.0; Win64; x64) AppleWebKit/537.36 (KHTML, like Gecko) Chrome/130.0.6723.92 Safari/537.36"},"id":15},"clientAccount":{"browserEnvId":15,"email":"jamileheston733@gmail.com","id":15,"name":"jamileheston733","password":"tEW6L7t!Lq1czN","proxyId":15,"restHeaders":{},"twitterId":15,"wSHeaders":{}},"connectStatusInfo":{"connectStatus":"NEW","errorHeartBeat":0,"heartBeat":0,"restart":0},"name":"jamileheston733","params":{"white_list_success":"false","sol_address":"61BXK9rmebwCsm3wUtpni49Kpd6cR2Cqh6hrkuVRu33D"},"proxy":{"address":{"address":"130.180.237.68","port":7011},"addressStr":"130.180.237.68:7011","host":"130.180.237.68","id":15,"password":"545n41b7z20x","port":7011,"username":"hldjmuos"},"restHeaders":{},"rewordInfo":{},"simpleInfo":"账户[jamileheston733]-代理[130.180.237.68:7011]","twitter":{"email":"zhtqkw9y4dzq5@outlook.com","f2aToken":"UH6DH42QJ7MKZZIB","id":15,"password":"CWbp29pE0MMD#T","username":"ktvho43119796"},"usable":false,"wSHeaders":{}}