{"browserEnv":{"headers":{"user-agent":"Mozilla/55.0 (Windows NT 10.0; Win64; x64) AppleWebKit/537.36 (KHTML, like Gecko) Chrome/129.0.6668.100 Safari/537.36"},"id":20},"clientAccount":{"browserEnvId":20,"email":"deykerrma@gmail.com","id":20,"name":"deykerrma","password":"A0c^MEf(MWjuhl","proxyId":20,"restHeaders":{},"twitterId":20,"wSHeaders":{}},"connectStatusInfo":{"connectStatus":"NEW","errorHeartBeat":0,"heartBeat":0,"restart":0},"name":"deykerrma","params":{"white_list_success":"true","sol_address":"De3Ub9bzaWEojYdmkAgysidRhndpPpwWKxStn6c95dH"},"proxy":{"address":{"address":"192.46.201.115","port":6629},"addressStr":"192.46.201.115:6629","host":"192.46.201.115","id":20,"password":"545n41b7z20x","port":6629,"username":"hldjmuos"},"restHeaders":{},"rewordInfo":{},"simpleInfo":"账户[deykerrma]-代理[192.46.201.115:6629]","twitter":{"email":"yadisibezat@hotmail.com","f2aToken":"FP6WZESZGN5OUWMB","id":20,"password":"zgLV(8IfVvPzB7","username":"mbxgp92149819"},"usable":false,"wSHeaders":{}}