{"browserEnv":{"headers":{"user-agent":"Mozilla/55.0 (Windows NT 10.0; Win64; x64) AppleWebKit/537.36 (KHTML, like Gecko) Chrome/130.0.6723.58 Safari/537.36"},"id":30},"clientAccount":{"browserEnvId":30,"email":"getejanacworda@gmail.com","id":30,"name":"getejanacworda","password":"MfT52KwOnJJUv#","proxyId":30,"restHeaders":{},"twitterId":30,"wSHeaders":{}},"connectStatusInfo":{"connectStatus":"NEW","errorHeartBeat":0,"heartBeat":0,"restart":0},"name":"getejanacworda","params":{"white_list_success":"true","sol_address":"EzBfxZCxpVrkRyGt5uDxxetGbvdDvFy5bvdtNkXUhHeY"},"proxy":{"address":{"address":"46.203.82.74","port":6074},"addressStr":"46.203.82.74:6074","host":"46.203.82.74","id":30,"password":"545n41b7z20x","port":6074,"username":"hldjmuos"},"restHeaders":{},"rewordInfo":{},"simpleInfo":"账户[getejanacworda]-代理[46.203.82.74:6074]","twitter":{"email":"gc8xyjn8r8z@outlook.com","f2aToken":"PGXHTTYZDURH5YDM","id":30,"password":"!9RC(mZN^hPp5z","username":"ttwow72422549"},"usable":false,"wSHeaders":{}}