{"browserEnv":{"headers":{"user-agent":"Mozilla/55.0 (Windows NT 10.0; Win64; x64) AppleWebKit/537.36 (KHTML, like Gecko) Chrome/130.0.6723.92 Safari/537.36"},"id":23},"clientAccount":{"browserEnvId":23,"email":"dinnallrodman@gmail.com","id":23,"name":"dinnallrodman","password":"!e##QkH3r)93zX","proxyId":23,"restHeaders":{},"twitterId":23,"wSHeaders":{}},"connectStatusInfo":{"connectStatus":"NEW","errorHeartBeat":0,"heartBeat":0,"restart":0},"name":"dinnallrodman","params":{"white_list_success":"false","sol_address":"HazvgkC9Gf4e5NUiofuGLxT8wDt5jhomRoaTXjs6QzQR"},"proxy":{"address":{"address":"46.203.29.186","port":6673},"addressStr":"46.203.29.186:6673","host":"46.203.29.186","id":23,"password":"545n41b7z20x","port":6673,"username":"hldjmuos"},"restHeaders":{},"rewordInfo":{},"simpleInfo":"账户[dinnallrodman]-代理[46.203.29.186:6673]","twitter":{"email":"ueudup8o8orn@hotmail.com","f2aToken":"DKBFNP3A5YTXLBW4","id":23,"password":"UwdN!!O#^7BOHW","username":"kxexr66259358"},"usable":false,"wSHeaders":{}}