{"browserEnv":{"headers":{"user-agent":"Mozilla/55.0 (Windows NT 10.0; Win64; x64) AppleWebKit/537.36 (KHTML, like Gecko) Chrome/130.0.6723.58 Safari/537.36"},"id":7},"clientAccount":{"browserEnvId":7,"email":"mimoyulisney@gmail.com","id":7,"name":"mimoyulisney","password":"FmE#PFADk&@a&F","proxyId":7,"restHeaders":{},"twitterId":7,"wSHeaders":{}},"connectStatusInfo":{"connectStatus":"NEW","errorHeartBeat":0,"heartBeat":0,"restart":0},"name":"mimoyulisney","params":{"white_list_success":"true","sol_address":"ED8n6dCgtShTmFGFiTU7k7ub2iCrdmVkG2YQMvxz7orA"},"proxy":{"address":{"address":"46.203.86.233","port":5733},"addressStr":"46.203.86.233:5733","host":"46.203.86.233","id":7,"password":"545n41b7z20x","port":5733,"username":"hldjmuos"},"restHeaders":{},"rewordInfo":{},"simpleInfo":"账户[mimoyulisney]-代理[46.203.86.233:5733]","twitter":{"email":"hz8z2t27l@outlook.com","f2aToken":"FUT7L2RUG7QVFB2Q","id":7,"password":"n!i*4wV@rdTfG6","username":"fajet78759845"},"usable":false,"wSHeaders":{}}