{"browserEnv":{"headers":{"user-agent":"Mozilla/55.0 (Windows NT 10.0; Win64; x64) AppleWebKit/537.36 (KHTML, like Gecko) Chrome/129.0.6668.58 Safari/537.36"},"id":38},"clientAccount":{"browserEnvId":38,"email":"rubyghiath992@gmail.com","id":38,"name":"rubyghiath992","password":"QajVRFqmPvB50C","proxyId":38,"restHeaders":{},"twitterId":38,"wSHeaders":{}},"connectStatusInfo":{"connectStatus":"NEW","errorHeartBeat":0,"heartBeat":0,"restart":0},"name":"rubyghiath992","params":{"white_list_success":"true","sol_address":"EAjhLcsXsu2KFbPQP7VvQjrNkm9JmgkhuumLzAFVNtyx"},"proxy":{"address":{"address":"130.180.232.108","port":8546},"addressStr":"130.180.232.108:8546","host":"130.180.232.108","id":38,"password":"545n41b7z20x","port":8546,"username":"hldjmuos"},"restHeaders":{},"rewordInfo":{},"simpleInfo":"账户[rubyghiath992]-代理[130.180.232.108:8546]","twitter":{"email":"fr4lhk7lo26k@outlook.com","f2aToken":"DXRNG6BON4VKDW5T","id":38,"password":"*s%@%(2R&CLKL1","username":"whbdq32569926"},"usable":false,"wSHeaders":{}}