{"browserEnv":{"headers":{"user-agent":"Mozilla/55.0 (Windows NT 10.0; Win64; x64) AppleWebKit/537.36 (KHTML, like Gecko) Chrome/129.0.6668.90 Safari/537.36"},"id":49},"clientAccount":{"browserEnvId":49,"email":"baucomhaider178@gmail.com","id":49,"name":"baucomhaider178","password":"DkbvDqFkRV@il*","proxyId":49,"restHeaders":{},"twitterId":49,"wSHeaders":{}},"connectStatusInfo":{"connectStatus":"NEW","errorHeartBeat":0,"heartBeat":0,"restart":0},"name":"baucomhaider178","params":{"white_list_success":"true","sol_address":"7M29zC4GMvuPG8szUv7xqHCJ63BFxwHNfcxvUEAMmfVG"},"proxy":{"address":{"address":"130.180.233.247","port":7818},"addressStr":"130.180.233.247:7818","host":"130.180.233.247","id":49,"password":"545n41b7z20x","port":7818,"username":"hldjmuos"},"restHeaders":{},"rewordInfo":{},"simpleInfo":"账户[baucomhaider178]-代理[130.180.233.247:7818]","twitter":{"email":"chhxij3e33a4w@hotmail.com","f2aToken":"DMLPUQX4GG3Q4LWK","id":49,"password":"&hW2lIR(3UlG4K","username":"ytbin77993989"},"usable":false,"wSHeaders":{}}