{"browserEnv":{"headers":{"user-agent":"Mozilla/55.0 (Windows NT 10.0; Win64; x64) AppleWebKit/537.36 (KHTML, like Gecko) Chrome/130.0.6723.91 Safari/537.36"},"id":36},"clientAccount":{"browserEnvId":36,"email":"spagnollisoy@gmail.com","id":36,"name":"spagnollisoy","password":"izzvS1znTJZsqG","proxyId":36,"restHeaders":{},"twitterId":36,"wSHeaders":{}},"connectStatusInfo":{"connectStatus":"NEW","errorHeartBeat":0,"heartBeat":0,"restart":0},"name":"spagnollisoy","params":{"white_list_success":"false","sol_address":"9AECDtv2Pe3R7ohjChXdFNDBgKpqeeZW8CTGLQn5AhwS"},"proxy":{"address":{"address":"130.180.233.124","port":7695},"addressStr":"130.180.233.124:7695","host":"130.180.233.124","id":36,"password":"545n41b7z20x","port":7695,"username":"hldjmuos"},"restHeaders":{},"rewordInfo":{},"simpleInfo":"账户[spagnollisoy]-代理[130.180.233.124:7695]","twitter":{"email":"mlfbritz2k5@outlook.com","f2aToken":"2RCAZ644Q5CIKWJQ","id":36,"password":"f&rYRS%bE$kvjA","username":"ntlki94553365"},"usable":false,"wSHeaders":{}}