{"browserEnv":{"headers":{"user-agent":"Mozilla/55.0 (Windows NT 10.0; Win64; x64) AppleWebKit/537.36 (KHTML, like Gecko) Chrome/130.0.6723.117 Safari/537.36"},"id":41},"clientAccount":{"browserEnvId":41,"email":"yosiefabatte@gmail.com","id":41,"name":"yosiefabatte","password":"(0*z7pnM3R3)Ju","proxyId":41,"restHeaders":{},"twitterId":41,"wSHeaders":{}},"connectStatusInfo":{"connectStatus":"NEW","errorHeartBeat":0,"heartBeat":0,"restart":0},"name":"yosiefabatte","params":{"white_list_success":"true","sol_address":"DmyYVjW3zt1rpUqFu6Zgavc9dYJxKsd5VHvbwAxDK3qe"},"proxy":{"address":{"address":"46.203.82.156","port":6156},"addressStr":"46.203.82.156:6156","host":"46.203.82.156","id":41,"password":"545n41b7z20x","port":6156,"username":"hldjmuos"},"restHeaders":{},"rewordInfo":{},"simpleInfo":"账户[yosiefabatte]-代理[46.203.82.156:6156]","twitter":{"email":"hessnboder36@outlook.com","f2aToken":"LAJE3VKNIUC2AU5H","id":41,"password":"Gym9@BFkSPTVIG","username":"dzadq13878124"},"usable":false,"wSHeaders":{}}