{"browserEnv":{"headers":{"user-agent":"Mozilla/55.0 (Windows NT 10.0; Win64; x64) AppleWebKit/537.36 (KHTML, like Gecko) Chrome/130.0.6723.117 Safari/537.36"},"id":39},"clientAccount":{"browserEnvId":39,"email":"zulfikarikobi@gmail.com","id":39,"name":"zulfikarikobi","password":"Gmk&ekIcb@2WVa","proxyId":39,"restHeaders":{},"twitterId":39,"wSHeaders":{}},"connectStatusInfo":{"connectStatus":"NEW","errorHeartBeat":0,"heartBeat":0,"restart":0},"name":"zulfikarikobi","params":{"white_list_success":"true","sol_address":"C15ahwCnzMPej9LM1xXYda67VB4J7VdDr3ntHbMdgsbH"},"proxy":{"address":{"address":"130.180.232.32","port":8470},"addressStr":"130.180.232.32:8470","host":"130.180.232.32","id":39,"password":"545n41b7z20x","port":8470,"username":"hldjmuos"},"restHeaders":{},"rewordInfo":{},"simpleInfo":"账户[zulfikarikobi]-代理[130.180.232.32:8470]","twitter":{"email":"msoakusazt@hotmail.com","f2aToken":"UPZJPFJLR2DFDZ7B","id":39,"password":"oqKKgP!BsaKKow","username":"frlcv83747555"},"usable":false,"wSHeaders":{}}