{"browserEnv":{"headers":{"user-agent":"Mozilla/55.0 (Windows NT 10.0; Win64; x64) AppleWebKit/537.36 (KHTML, like Gecko) Chrome/130.0.6723.91 Safari/537.36"},"id":4},"clientAccount":{"browserEnvId":4,"email":"saeidlajosnetunde@gmail.com","id":4,"name":"saeidlajosnetunde","password":"HWl1pq&KPfgL4$","proxyId":4,"restHeaders":{},"twitterId":4,"wSHeaders":{}},"connectStatusInfo":{"connectStatus":"NEW","errorHeartBeat":0,"heartBeat":0,"restart":0},"name":"saeidlajosnetunde","params":{"white_list_success":"false","sol_address":"Fy2z8tm3Z1HrKkZ2p4ijVcU4nT131JYY694tM2Wkwbji"},"proxy":{"address":{"address":"192.46.201.229","port":6743},"addressStr":"192.46.201.229:6743","host":"192.46.201.229","id":4,"password":"545n41b7z20x","port":6743,"username":"hldjmuos"},"restHeaders":{},"rewordInfo":{},"simpleInfo":"账户[saeidlajosnetunde]-代理[192.46.201.229:6743]","twitter":{"email":"fod42opqu@outlook.com","f2aToken":"IYDJKSWSTWCDLVEQ","id":4,"password":"cvA2U3Bo9#fReA","username":"wqytr34335919"},"usable":false,"wSHeaders":{}}