{"browserEnv":{"headers":{"user-agent":"Mozilla/55.0 (Windows NT 10.0; Win64; x64) AppleWebKit/537.36 (KHTML, like Gecko) Chrome/129.0.6668.89 Safari/537.36"},"id":33},"clientAccount":{"browserEnvId":33,"email":"betoyaqueline@gmail.com","id":33,"name":"betoyaqueline","password":"l3BZN@vzOEt^GU","proxyId":33,"restHeaders":{},"twitterId":33,"wSHeaders":{}},"connectStatusInfo":{"connectStatus":"NEW","errorHeartBeat":0,"heartBeat":0,"restart":0},"name":"betoyaqueline","params":{"white_list_success":"false","sol_address":"BMvkkQSwMd1jyNMz61TT2P9v3PM1ZJ9idjxBoAm1taZF"},"proxy":{"address":{"address":"130.180.231.230","port":8372},"addressStr":"130.180.231.230:8372","host":"130.180.231.230","id":33,"password":"545n41b7z20x","port":8372,"username":"hldjmuos"},"restHeaders":{},"rewordInfo":{},"simpleInfo":"账户[betoyaqueline]-代理[130.180.231.230:8372]","twitter":{"email":"pblw3rdiy@outlook.com","f2aToken":"4O7ZZGK7U2ZT56CZ","id":33,"password":"MZL@V0YSptz*px","username":"mbzir87318116"},"usable":false,"wSHeaders":{}}