{"browserEnv":{"headers":{"user-agent":"Mozilla/55.0 (Windows NT 10.0; Win64; x64) AppleWebKit/537.36 (KHTML, like Gecko) Chrome/130.0.6723.69 Safari/537.36"},"id":29},"clientAccount":{"browserEnvId":29,"email":"abdoobroudic@gmail.com","id":29,"name":"abdoobroudic","password":"nA6FfSOuQdVo)b","proxyId":29,"restHeaders":{},"twitterId":29,"wSHeaders":{}},"connectStatusInfo":{"connectStatus":"NEW","errorHeartBeat":0,"heartBeat":0,"restart":0},"name":"abdoobroudic","params":{"white_list_success":"true","sol_address":"Gk2cShazw2EgLGeGfN2UNBMQk6ynyqavLdCwgE3FzBB9"},"proxy":{"address":{"address":"130.180.228.8","port":6292},"addressStr":"130.180.228.8:6292","host":"130.180.228.8","id":29,"password":"545n41b7z20x","port":6292,"username":"hldjmuos"},"restHeaders":{},"rewordInfo":{},"simpleInfo":"账户[abdoobroudic]-代理[130.180.228.8:6292]","twitter":{"email":"x8ovbjiet@outlook.com","f2aToken":"7XYLGWORDD7IJNKN","id":29,"password":"dgIs9UjQ2NS6Mr","username":"jbmqk78153326"},"usable":false,"wSHeaders":{}}