{"browserEnv":{"headers":{"user-agent":"Mozilla/55.0 (Windows NT 10.0; Win64; x64) AppleWebKit/537.36 (KHTML, like Gecko) Chrome/130.0.6723.117 Safari/537.36"},"id":44},"clientAccount":{"browserEnvId":44,"email":"bolzoniwithi@gmail.com","id":44,"name":"bolzoniwithi","password":"H(q@GIcIe7k2ss","proxyId":44,"restHeaders":{},"twitterId":44,"wSHeaders":{}},"connectStatusInfo":{"connectStatus":"NEW","errorHeartBeat":0,"heartBeat":0,"restart":0},"name":"bolzoniwithi","params":{"white_list_success":"true","sol_address":"3spGHAdFRCabjLRfvpXNLJ75h34CdP2sBzzkkaHxApoU"},"proxy":{"address":{"address":"46.203.29.211","port":6698},"addressStr":"46.203.29.211:6698","host":"46.203.29.211","id":44,"password":"545n41b7z20x","port":6698,"username":"hldjmuos"},"restHeaders":{},"rewordInfo":{},"simpleInfo":"账户[bolzoniwithi]-代理[46.203.29.211:6698]","twitter":{"email":"jeyr8l3pddgka@outlook.com","f2aToken":"6XVFH7NP2ISJ3DBL","id":44,"password":"uKAjRk2OTr#4b&","username":"kqohr32898213"},"usable":false,"wSHeaders":{}}