{"browserEnv":{"headers":{"user-agent":"Mozilla/55.0 (Windows NT 10.0; Win64; x64) AppleWebKit/537.36 (KHTML, like Gecko) Chrome/130.0.6723.70 Safari/537.36"},"id":18},"clientAccount":{"browserEnvId":18,"email":"gudeliocleary@gmail.com","id":18,"name":"gudeliocleary","password":"Gpf6V0v$$@&cp9","proxyId":18,"restHeaders":{},"twitterId":18,"wSHeaders":{}},"connectStatusInfo":{"connectStatus":"NEW","errorHeartBeat":0,"heartBeat":0,"restart":0},"name":"gudeliocleary","params":{"white_list_success":"false","sol_address":"SWFcrp7UWhApnjZe6DQoKSq7LFZpXLUSjpZCABUhwZ2"},"proxy":{"address":{"address":"192.46.201.76","port":6590},"addressStr":"192.46.201.76:6590","host":"192.46.201.76","id":18,"password":"545n41b7z20x","port":6590,"username":"hldjmuos"},"restHeaders":{},"rewordInfo":{},"simpleInfo":"账户[gudeliocleary]-代理[192.46.201.76:6590]","twitter":{"email":"m9b6w1v9y@outlook.com","f2aToken":"UPTZUFVOM3FITT3T","id":18,"password":"6$QSlG303*0TWX","username":"tqlco73151837"},"usable":false,"wSHeaders":{}}