{"browserEnv":{"headers":{"user-agent":"Mozilla/55.0 (Windows NT 10.0; Win64; x64) AppleWebKit/537.36 (KHTML, like Gecko) Chrome/130.0.6723.116 Safari/537.36"},"id":22},"clientAccount":{"browserEnvId":22,"email":"peirlveneta311@gmail.com","id":22,"name":"peirlveneta311","password":"JF08n0Kh3X(D2(","proxyId":22,"restHeaders":{},"twitterId":22,"wSHeaders":{}},"connectStatusInfo":{"connectStatus":"NEW","errorHeartBeat":0,"heartBeat":0,"restart":0},"name":"peirlveneta311","params":{"white_list_success":"true","sol_address":"C7UurAUMTSAuiMSxLF2rZsi6tThAaw2iUh9xrAJaGc9T"},"proxy":{"address":{"address":"46.203.80.116","port":6114},"addressStr":"46.203.80.116:6114","host":"46.203.80.116","id":22,"password":"545n41b7z20x","port":6114,"username":"hldjmuos"},"restHeaders":{},"rewordInfo":{},"simpleInfo":"账户[peirlveneta311]-代理[46.203.80.116:6114]","twitter":{"email":"fjvsm455tt2yj@hotmail.com","f2aToken":"OCEXSII6GA4GH5EC","id":22,"password":"*wikqTYC&mDy9o","username":"utebd77355968"},"usable":false,"wSHeaders":{}}