{"browserEnv":{"headers":{"user-agent":"Mozilla/55.0 (Windows NT 10.0; Win64; x64) AppleWebKit/537.36 (KHTML, like Gecko) Chrome/130.0.6723.69 Safari/537.36"},"id":25},"clientAccount":{"browserEnvId":25,"email":"emailinnikol@gmail.com","id":25,"name":"emailinnikol","password":"RO*jYmDIZcBq7m","proxyId":25,"restHeaders":{},"twitterId":25,"wSHeaders":{}},"connectStatusInfo":{"connectStatus":"NEW","errorHeartBeat":0,"heartBeat":0,"restart":0},"name":"emailinnikol","params":{"white_list_success":"true","sol_address":"DPgDmMdTgZaRSVgdBm1JFfYe9HQcCT5bGmjCNGt2EjR"},"proxy":{"address":{"address":"103.243.147.77","port":6056},"addressStr":"103.243.147.77:6056","host":"103.243.147.77","id":25,"password":"545n41b7z20x","port":6056,"username":"hldjmuos"},"restHeaders":{},"rewordInfo":{},"simpleInfo":"账户[emailinnikol]-代理[103.243.147.77:6056]","twitter":{"email":"lagxmvgpm@outlook.com","f2aToken":"MHEL7XBE54SRAI3M","id":25,"password":"HUs&9w4sYQuqSC","username":"gstmp25785553"},"usable":false,"wSHeaders":{}}