{"browserEnv":{"headers":{"user-agent":"Mozilla/55.0 (Windows NT 10.0; Win64; x64) AppleWebKit/537.36 (KHTML, like Gecko) Chrome/130.0.6723.116 Safari/537.36"},"id":9},"clientAccount":{"browserEnvId":9,"email":"razishaikha@gmail.com","id":9,"name":"razishaikha","password":"J%ca*UdMLVfhVl","proxyId":9,"restHeaders":{},"twitterId":9,"wSHeaders":{}},"connectStatusInfo":{"connectStatus":"NEW","errorHeartBeat":0,"heartBeat":0,"restart":0},"name":"razishaikha","params":{"white_list_success":"false","sol_address":"94N4V3TZxpdkBbsU3QiTempG67XzQkMWw4AA662BU8EA"},"proxy":{"address":{"address":"46.203.47.201","port":5700},"addressStr":"46.203.47.201:5700","host":"46.203.47.201","id":9,"password":"545n41b7z20x","port":5700,"username":"hldjmuos"},"restHeaders":{},"rewordInfo":{},"simpleInfo":"账户[razishaikha]-代理[46.203.47.201:5700]","twitter":{"email":"fgihq235hvw@hotmail.com","f2aToken":"SJZEPGGUDCLLE32D","id":9,"password":"Zy*HCjS)IxK#TL","username":"ybuao53554418"},"usable":false,"wSHeaders":{}}