{"browserEnv":{"headers":{"user-agent":"Mozilla/55.0 (Windows NT 10.0; Win64; x64) AppleWebKit/537.36 (KHTML, like Gecko) Chrome/129.0.6668.70 Safari/537.36"},"id":45},"clientAccount":{"browserEnvId":45,"email":"poonthottathilbittu@gmail.com","id":45,"name":"poonthottathilbittu","password":"C5%Xy#R6njyjIg","proxyId":45,"restHeaders":{},"twitterId":45,"wSHeaders":{}},"connectStatusInfo":{"connectStatus":"NEW","errorHeartBeat":0,"heartBeat":0,"restart":0},"name":"poonthottathilbittu","params":{"white_list_success":"true","sol_address":"CAb2zZSwTzHwQQJUYZFvn47H2jS56XCHZBo9tESq1A1V"},"proxy":{"address":{"address":"46.203.86.201","port":5701},"addressStr":"46.203.86.201:5701","host":"46.203.86.201","id":45,"password":"545n41b7z20x","port":5701,"username":"hldjmuos"},"restHeaders":{},"rewordInfo":{},"simpleInfo":"账户[poonthottathilbittu]-代理[46.203.86.201:5701]","twitter":{"email":"qjwrw3o48h4i4@hotmail.com","f2aToken":"G5EED2PKDAEZJ4BX","id":45,"password":"rw)QF8VtfhVY%b","username":"lwwug75212768"},"usable":false,"wSHeaders":{}}