{"browserEnv":{"headers":{"user-agent":"Mozilla/55.0 (Windows NT 10.0; Win64; x64) AppleWebKit/537.36 (KHTML, like Gecko) Chrome/130.0.6723.70 Safari/537.36"},"id":14},"clientAccount":{"browserEnvId":14,"email":"faviuchiha22@gmail.com","id":14,"name":"faviuchiha22","password":"YYc7KQ2%zNJk)b","proxyId":14,"restHeaders":{},"twitterId":14,"wSHeaders":{}},"connectStatusInfo":{"connectStatus":"NEW","errorHeartBeat":0,"heartBeat":0,"restart":0},"name":"faviuchiha22","params":{"white_list_success":"true","sol_address":"7zMuTqxs5s21tvcD61pt4SJDzPs1ht7pGpgaRwgyK7xE"},"proxy":{"address":{"address":"46.203.91.72","port":5570},"addressStr":"46.203.91.72:5570","host":"46.203.91.72","id":14,"password":"545n41b7z20x","port":5570,"username":"hldjmuos"},"restHeaders":{},"rewordInfo":{},"simpleInfo":"账户[faviuchiha22]-代理[46.203.91.72:5570]","twitter":{"email":"ibt5jxmbxk@outlook.com","f2aToken":"YTYRY64GXFKG3BP4","id":14,"password":"HthRnj!X27F@rR","username":"hydnd62166442"},"usable":false,"wSHeaders":{}}