{"browserEnv":{"headers":{"user-agent":"Mozilla/55.0 (Windows NT 10.0; Win64; x64) AppleWebKit/537.36 (KHTML, like Gecko) Chrome/128.0.6613.120 Safari/537.36"},"id":0},"clientAccount":{"browserEnvId":0,"email":"shaylavaltin802@gmail.com","id":0,"name":"shaylavaltin802","password":"(nklh9tEcz*Vjs","proxyId":0,"restHeaders":{},"twitterId":0,"wSHeaders":{}},"connectStatusInfo":{"connectStatus":"NEW","errorHeartBeat":0,"heartBeat":0,"restart":0},"name":"shaylavaltin802","params":{"white_list_success":"true","sol_address":"GygWGDfDv6gGpUSnqaKCD7FfUAZWoBin9Cou3n2sUVDd"},"proxy":{"address":{"address":"198.145.103.86","port":6343},"addressStr":"198.145.103.86:6343","host":"198.145.103.86","id":0,"password":"545n41b7z20x","port":6343,"username":"hldjmuos"},"restHeaders":{},"rewordInfo":{},"simpleInfo":"账户[shaylavaltin802]-代理[198.145.103.86:6343]","twitter":{"email":"prokicpuhk@hotmail.com","f2aToken":"7ZM5AVB425OTKXVB","id":0,"password":"2jPK6*KRt#%lht","username":"pojle26268757"},"usable":false,"wSHeaders":{}}