{"accountBaseInfo":{"browserEnvId":1,"email":"casselmanshayy@gmail.com","id":1,"password":"mYevdnDfJ3Bw5y","proxyId":1,"restHeaders":{},"signUp":true,"twitterId":1,"type":"google","wSHeaders":{}},"browserEnv":{"headers":{"user-agent":"Mozilla/55.0 (Windows NT 10.0; Win64; x64) AppleWebKit/537.36 (KHTML, like Gecko) Chrome/130.0.6723.70 Safari/537.36"},"id":1},"connectStatusInfo":{"connectStatus":"NEW","errorHeartBeat":0,"heartBeat":0,"restart":0},"name":"casselmanshayy@gmail.com","params":{"ethAddress":"0xe0cE2efa41884d52BA082e93807DA71f29b2D7Bd","ecosapiens_register_info":"{\"amount_referred\":0,\"created_at\":\"2025-02-03_11-03-47\",\"priority\":424617,\"referral_link\":\"https://ecosapiens.xyz/pages/airdrop?ref_id=7KFKMBYQ8\",\"referral_token\":\"7KFKMBYQ8\",\"referred_by_signup_token\":null,\"referred_by_waiter_token\":null,\"removed_date\":null,\"uuid\":\"c89946a5-3c55-488d-ba2a-ffdedbe5c316\",\"verified\":false,\"waitlist_api_key\":\"I74N90\",\"waitlist_id\":24495}\n"},"proxy":{"address":{"address":"192.46.201.243","port":6757},"addressStr":"192.46.201.243:6757","host":"192.46.201.243","id":1,"password":"545n41b7z20x","port":6757,"proxyProtocal":"HTTP","proxyType":"STATIC","usable":true,"username":"hldjmuos"},"restHeaders":{},"rewordInfo":{},"simpleInfo":"1-账户[casselmanshayy@gmail.com]-代理[192.46.201.243:6757]","twitter":{"email":"ayanleurtis@hotmail.com","f2aToken":"W6HAXXY3IIYLBUDP","id":1,"password":"jwQUOrsdCCR3dd","username":"qljxh36986541"},"usable":false,"wSHeaders":{}}