{"accountBaseInfo":{"browserEnvId":10,"email":"machisayil646@gmail.com","id":10,"password":"X#CUc)oxOeX1o^","proxyId":10,"restHeaders":{},"signUp":true,"twitterId":10,"type":"google","wSHeaders":{}},"browserEnv":{"headers":{"user-agent":"Mozilla/55.0 (Windows NT 10.0; Win64; x64) AppleWebKit/537.36 (KHTML, like Gecko) Chrome/130.0.6723.59 Safari/537.36"},"id":10},"connectStatusInfo":{"connectStatus":"NEW","errorHeartBeat":0,"heartBeat":0,"restart":0},"name":"machisayil646@gmail.com","params":{"ethAddress":"0x345747263be8c56C3045D0fa27C1e6886313c916","ecosapiens_register_info":"{\"amount_referred\":0,\"created_at\":\"2025-02-03_11-03-46\",\"priority\":410603,\"referral_link\":\"https://ecosapiens.xyz/pages/airdrop?ref_id=NM28H5OJ6\",\"referral_token\":\"NM28H5OJ6\",\"referred_by_signup_token\":null,\"referred_by_waiter_token\":null,\"removed_date\":null,\"uuid\":\"c12024a1-a8f8-4719-8def-9154515cabca\",\"verified\":false,\"waitlist_api_key\":\"I74N90\",\"waitlist_id\":24495}\n"},"proxy":{"address":{"address":"46.203.15.221","port":7222},"addressStr":"46.203.15.221:7222","host":"46.203.15.221","id":10,"password":"545n41b7z20x","port":7222,"proxyProtocal":"HTTP","proxyType":"STATIC","usable":true,"username":"hldjmuos"},"restHeaders":{},"rewordInfo":{},"simpleInfo":"10-账户[machisayil646@gmail.com]-代理[46.203.15.221:7222]","twitter":{"email":"vwkyj30nmc1v@hotmail.com","f2aToken":"N2RDXI5S32M32JGI","id":10,"password":"vM(UM69EZ0P9wu","username":"dlxli51797942"},"usable":false,"wSHeaders":{}}