{"accountBaseInfo":{"browserEnvId":46,"email":"skrodr9@gmail.com","id":46,"password":"*(iY(Tfu7u7JVy","proxyId":46,"restHeaders":{},"signUp":true,"twitterId":46,"type":"google","wSHeaders":{}},"browserEnv":{"headers":{"user-agent":"Mozilla/55.0 (Windows NT 10.0; Win64; x64) AppleWebKit/537.36 (KHTML, like Gecko) Chrome/129.0.6668.59 Safari/537.36"},"id":46},"connectStatusInfo":{"connectStatus":"NEW","errorHeartBeat":0,"heartBeat":0,"restart":0},"name":"skrodr9@gmail.com","params":{"ethAddress":"0xc71bC20c1DD8C40E4254f1c6515F29d944e511a5","ecosapiens_register_info":"{\"amount_referred\":0,\"created_at\":\"2025-02-03_11-03-45\",\"priority\":480739,\"referral_link\":\"https://ecosapiens.xyz/pages/airdrop?ref_id=R6UL1U3NU\",\"referral_token\":\"R6UL1U3NU\",\"referred_by_signup_token\":null,\"referred_by_waiter_token\":null,\"removed_date\":null,\"uuid\":\"24d4d210-9540-4b63-9054-060e42f39b5d\",\"verified\":false,\"waitlist_api_key\":\"I74N90\",\"waitlist_id\":24495}\n"},"proxy":{"address":{"address":"130.180.232.23","port":8461},"addressStr":"130.180.232.23:8461","host":"130.180.232.23","id":46,"password":"545n41b7z20x","port":8461,"proxyProtocal":"HTTP","proxyType":"STATIC","usable":true,"username":"hldjmuos"},"restHeaders":{},"rewordInfo":{},"simpleInfo":"46-账户[skrodr9@gmail.com]-代理[130.180.232.23:8461]","twitter":{"email":"wfmdtothwyfzs@hotmail.com","f2aToken":"WY7HQWMH5FTRC52Y","id":46,"password":"OW)kh66xyZp%Op","username":"qpzxg87881866"},"usable":false,"wSHeaders":{}}