{"accountBaseInfo":{"browserEnvId":30,"email":"getejanacworda@gmail.com","id":30,"password":"MfT52KwOnJJUv#","proxyId":30,"restHeaders":{},"signUp":true,"twitterId":30,"type":"google","wSHeaders":{}},"browserEnv":{"headers":{"user-agent":"Mozilla/55.0 (Windows NT 10.0; Win64; x64) AppleWebKit/537.36 (KHTML, like Gecko) Chrome/130.0.6723.58 Safari/537.36"},"id":30},"connectStatusInfo":{"connectStatus":"NEW","errorHeartBeat":0,"heartBeat":0,"restart":0},"name":"getejanacworda@gmail.com","params":{"ethAddress":"0x86056e9abC81d3325C36d92A62D8cF3aaeDf019D","ecosapiens_register_info":"{\"amount_referred\":0,\"created_at\":\"2025-02-03_11-03-46\",\"priority\":472813,\"referral_link\":\"https://ecosapiens.xyz/pages/airdrop?ref_id=7NDROYYMC\",\"referral_token\":\"7NDROYYMC\",\"referred_by_signup_token\":null,\"referred_by_waiter_token\":null,\"removed_date\":null,\"uuid\":\"50a81e76-3531-47fc-8df4-b88d0c6a1564\",\"verified\":false,\"waitlist_api_key\":\"I74N90\",\"waitlist_id\":24495}\n"},"proxy":{"address":{"address":"46.203.82.74","port":6074},"addressStr":"46.203.82.74:6074","host":"46.203.82.74","id":30,"password":"545n41b7z20x","port":6074,"proxyProtocal":"HTTP","proxyType":"STATIC","usable":true,"username":"hldjmuos"},"restHeaders":{},"rewordInfo":{},"simpleInfo":"30-账户[getejanacworda@gmail.com]-代理[46.203.82.74:6074]","twitter":{"email":"gc8xyjn8r8z@outlook.com","f2aToken":"PGXHTTYZDURH5YDM","id":30,"password":"!9RC(mZN^hPp5z","username":"ttwow72422549"},"usable":false,"wSHeaders":{}}