{"accountBaseInfo":{"browserEnvId":39,"email":"zulfikarikobi@gmail.com","id":39,"password":"Gmk&ekIcb@2WVa","proxyId":39,"restHeaders":{},"signUp":true,"twitterId":39,"type":"google","wSHeaders":{}},"browserEnv":{"headers":{"user-agent":"Mozilla/55.0 (Windows NT 10.0; Win64; x64) AppleWebKit/537.36 (KHTML, like Gecko) Chrome/130.0.6723.117 Safari/537.36"},"id":39},"connectStatusInfo":{"connectStatus":"NEW","errorHeartBeat":0,"heartBeat":0,"restart":0},"name":"zulfikarikobi@gmail.com","params":{"ethAddress":"0x28Ad3F1e344Cad20E3Add4E40502B78c3dfC8a85","ecosapiens_register_info":"{\"amount_referred\":0,\"created_at\":\"2025-02-03_11-03-42\",\"priority\":407726,\"referral_link\":\"https://ecosapiens.xyz/pages/airdrop?ref_id=OQQDCYEV4\",\"referral_token\":\"OQQDCYEV4\",\"referred_by_signup_token\":null,\"referred_by_waiter_token\":null,\"removed_date\":null,\"uuid\":\"1cc51ed7-e549-4b88-a569-ea5034106218\",\"verified\":false,\"waitlist_api_key\":\"I74N90\",\"waitlist_id\":24495}\n"},"proxy":{"address":{"address":"130.180.232.32","port":8470},"addressStr":"130.180.232.32:8470","host":"130.180.232.32","id":39,"password":"545n41b7z20x","port":8470,"proxyProtocal":"HTTP","proxyType":"STATIC","usable":true,"username":"hldjmuos"},"restHeaders":{},"rewordInfo":{},"simpleInfo":"39-账户[zulfikarikobi@gmail.com]-代理[130.180.232.32:8470]","twitter":{"email":"msoakusazt@hotmail.com","f2aToken":"UPZJPFJLR2DFDZ7B","id":39,"password":"oqKKgP!BsaKKow","username":"frlcv83747555"},"usable":false,"wSHeaders":{}}