{"accountBaseInfo":{"browserEnvId":6,"email":"azayawilviert333@gmail.com","id":6,"password":"wnZB!hS58fHpsd","proxyId":6,"restHeaders":{},"signUp":true,"twitterId":6,"type":"google","wSHeaders":{}},"browserEnv":{"headers":{"user-agent":"Mozilla/55.0 (Windows NT 10.0; Win64; x64) AppleWebKit/537.36 (KHTML, like Gecko) Chrome/130.0.6723.69 Safari/537.36"},"id":6},"connectStatusInfo":{"connectStatus":"NEW","errorHeartBeat":0,"heartBeat":0,"restart":0},"name":"azayawilviert333@gmail.com","params":{"ethAddress":"0xf3385A44e5d0faE42E1dD49D4Cc46B05D103e0b0","ecosapiens_register_info":"{\"amount_referred\":0,\"created_at\":\"2025-02-03_11-03-46\",\"priority\":434399,\"referral_link\":\"https://ecosapiens.xyz/pages/airdrop?ref_id=F3Y4Y9CSM\",\"referral_token\":\"F3Y4Y9CSM\",\"referred_by_signup_token\":null,\"referred_by_waiter_token\":null,\"removed_date\":null,\"uuid\":\"5ba73ac9-8116-45b1-ae59-8e5cc1a6893a\",\"verified\":false,\"waitlist_api_key\":\"I74N90\",\"waitlist_id\":24495}\n"},"proxy":{"address":{"address":"192.46.201.190","port":6704},"addressStr":"192.46.201.190:6704","host":"192.46.201.190","id":6,"password":"545n41b7z20x","port":6704,"proxyProtocal":"HTTP","proxyType":"STATIC","usable":true,"username":"hldjmuos"},"restHeaders":{},"rewordInfo":{},"simpleInfo":"6-账户[azayawilviert333@gmail.com]-代理[192.46.201.190:6704]","twitter":{"email":"g69cx70s59r1e@outlook.com","f2aToken":"F3TLTMADB3P7ZAT4","id":6,"password":")sashbFrbz4HoA","username":"xbjlm97852221"},"usable":false,"wSHeaders":{}}