{"accountBaseInfo":{"browserEnvId":14,"email":"faviuchiha22@gmail.com","id":14,"password":"YYc7KQ2%zNJk)b","proxyId":14,"restHeaders":{},"signUp":true,"twitterId":14,"type":"google","wSHeaders":{}},"browserEnv":{"headers":{"user-agent":"Mozilla/55.0 (Windows NT 10.0; Win64; x64) AppleWebKit/537.36 (KHTML, like Gecko) Chrome/130.0.6723.70 Safari/537.36"},"id":14},"connectStatusInfo":{"connectStatus":"NEW","errorHeartBeat":0,"heartBeat":0,"restart":0},"name":"faviuchiha22@gmail.com","params":{"ethAddress":"0x92a48e42fB8F7975D14f2a605edB21EB99087498","ecosapiens_register_info":"{\"amount_referred\":0,\"created_at\":\"2025-02-03_11-03-43\",\"priority\":460696,\"referral_link\":\"https://ecosapiens.xyz/pages/airdrop?ref_id=WY0TXYRYA\",\"referral_token\":\"WY0TXYRYA\",\"referred_by_signup_token\":null,\"referred_by_waiter_token\":null,\"removed_date\":null,\"uuid\":\"83badf58-7a28-4c36-bbb7-388e7cf1d362\",\"verified\":false,\"waitlist_api_key\":\"I74N90\",\"waitlist_id\":24495}\n"},"proxy":{"address":{"address":"46.203.91.72","port":5570},"addressStr":"46.203.91.72:5570","host":"46.203.91.72","id":14,"password":"545n41b7z20x","port":5570,"proxyProtocal":"HTTP","proxyType":"STATIC","usable":true,"username":"hldjmuos"},"restHeaders":{},"rewordInfo":{},"simpleInfo":"14-账户[faviuchiha22@gmail.com]-代理[46.203.91.72:5570]","twitter":{"email":"ibt5jxmbxk@outlook.com","f2aToken":"YTYRY64GXFKG3BP4","id":14,"password":"HthRnj!X27F@rR","username":"hydnd62166442"},"usable":false,"wSHeaders":{}}