{"accountBaseInfo":{"browserEnvId":9,"email":"razishaikha@gmail.com","id":9,"password":"J%ca*UdMLVfhVl","proxyId":9,"restHeaders":{},"signUp":true,"twitterId":9,"type":"google","wSHeaders":{}},"browserEnv":{"headers":{"user-agent":"Mozilla/55.0 (Windows NT 10.0; Win64; x64) AppleWebKit/537.36 (KHTML, like Gecko) Chrome/130.0.6723.116 Safari/537.36"},"id":9},"connectStatusInfo":{"connectStatus":"NEW","errorHeartBeat":0,"heartBeat":0,"restart":0},"name":"razishaikha@gmail.com","params":{"ethAddress":"0x2A4fBd411C8cA2523299Dd2963052D8ea1381E60","ecosapiens_register_info":"{\"amount_referred\":0,\"created_at\":\"2025-02-03_11-03-44\",\"priority\":406214,\"referral_link\":\"https://ecosapiens.xyz/pages/airdrop?ref_id=JE779TX2M\",\"referral_token\":\"JE779TX2M\",\"referred_by_signup_token\":null,\"referred_by_waiter_token\":null,\"removed_date\":null,\"uuid\":\"82008afd-fe81-4a61-aab1-2e8774a9141b\",\"verified\":false,\"waitlist_api_key\":\"I74N90\",\"waitlist_id\":24495}\n"},"proxy":{"address":{"address":"46.203.47.201","port":5700},"addressStr":"46.203.47.201:5700","host":"46.203.47.201","id":9,"password":"545n41b7z20x","port":5700,"proxyProtocal":"HTTP","proxyType":"STATIC","usable":true,"username":"hldjmuos"},"restHeaders":{},"rewordInfo":{},"simpleInfo":"9-账户[razishaikha@gmail.com]-代理[46.203.47.201:5700]","twitter":{"email":"fgihq235hvw@hotmail.com","f2aToken":"SJZEPGGUDCLLE32D","id":9,"password":"Zy*HCjS)IxK#TL","username":"ybuao53554418"},"usable":false,"wSHeaders":{}}