{"accountBaseInfo":{"browserEnvId":48,"email":"krlitaacesnof646@gmail.com","id":48,"password":"baKbBnD9Dqat6J","proxyId":48,"restHeaders":{},"signUp":true,"twitterId":48,"type":"google","wSHeaders":{}},"browserEnv":{"headers":{"user-agent":"Mozilla/55.0 (Windows NT 10.0; Win64; x64) AppleWebKit/537.36 (KHTML, like Gecko) Chrome/130.0.6723.92 Safari/537.36"},"id":48},"connectStatusInfo":{"connectStatus":"NEW","errorHeartBeat":0,"heartBeat":0,"restart":0},"name":"krlitaacesnof646@gmail.com","params":{"ethAddress":"0x32C31008D442306102C4e3694735a11691101E23","ecosapiens_register_info":"{\"amount_referred\":0,\"created_at\":\"2025-02-03_11-03-43\",\"priority\":490275,\"referral_link\":\"https://ecosapiens.xyz/pages/airdrop?ref_id=LNO3C092L\",\"referral_token\":\"LNO3C092L\",\"referred_by_signup_token\":null,\"referred_by_waiter_token\":null,\"removed_date\":null,\"uuid\":\"8f168627-659a-4553-a87d-1e2e3c94f605\",\"verified\":false,\"waitlist_api_key\":\"I74N90\",\"waitlist_id\":24495}\n"},"proxy":{"address":{"address":"130.180.233.103","port":7674},"addressStr":"130.180.233.103:7674","host":"130.180.233.103","id":48,"password":"545n41b7z20x","port":7674,"proxyProtocal":"HTTP","proxyType":"STATIC","usable":true,"username":"hldjmuos"},"restHeaders":{},"rewordInfo":{},"simpleInfo":"48-账户[krlitaacesnof646@gmail.com]-代理[130.180.233.103:7674]","twitter":{"email":"y8f0daytnuj2n@hotmail.com","f2aToken":"QRLYB2BINAQM2GCW","id":48,"password":"My5Q4UsCaZMz5A","username":"zemqu59383237"},"usable":false,"wSHeaders":{}}