{"accountBaseInfo":{"browserEnvId":36,"email":"spagnollisoy@gmail.com","id":36,"password":"izzvS1znTJZsqG","proxyId":36,"restHeaders":{},"signUp":true,"twitterId":36,"type":"google","wSHeaders":{}},"browserEnv":{"headers":{"user-agent":"Mozilla/55.0 (Windows NT 10.0; Win64; x64) AppleWebKit/537.36 (KHTML, like Gecko) Chrome/130.0.6723.91 Safari/537.36"},"id":36},"connectStatusInfo":{"connectStatus":"NEW","errorHeartBeat":0,"heartBeat":0,"restart":0},"name":"spagnollisoy@gmail.com","params":{"ethAddress":"0x977BE64Bf56315d21A74c643BA6ec1D8CE70FE16","ecosapiens_register_info":"{\"amount_referred\":0,\"created_at\":\"2025-02-03_11-03-47\",\"priority\":472228,\"referral_link\":\"https://ecosapiens.xyz/pages/airdrop?ref_id=WESWDRWPL\",\"referral_token\":\"WESWDRWPL\",\"referred_by_signup_token\":null,\"referred_by_waiter_token\":null,\"removed_date\":null,\"uuid\":\"a19d0e1e-a140-46ae-9885-29b4ed2a551e\",\"verified\":false,\"waitlist_api_key\":\"I74N90\",\"waitlist_id\":24495}\n"},"proxy":{"address":{"address":"130.180.233.124","port":7695},"addressStr":"130.180.233.124:7695","host":"130.180.233.124","id":36,"password":"545n41b7z20x","port":7695,"proxyProtocal":"HTTP","proxyType":"STATIC","usable":true,"username":"hldjmuos"},"restHeaders":{},"rewordInfo":{},"simpleInfo":"36-账户[spagnollisoy@gmail.com]-代理[130.180.233.124:7695]","twitter":{"email":"mlfbritz2k5@outlook.com","f2aToken":"2RCAZ644Q5CIKWJQ","id":36,"password":"f&rYRS%bE$kvjA","username":"ntlki94553365"},"usable":false,"wSHeaders":{}}