{"accountBaseInfo":{"browserEnvId":22,"email":"peirlveneta311@gmail.com","id":22,"password":"JF08n0Kh3X(D2(","proxyId":22,"restHeaders":{},"signUp":true,"twitterId":22,"type":"google","wSHeaders":{}},"browserEnv":{"headers":{"user-agent":"Mozilla/55.0 (Windows NT 10.0; Win64; x64) AppleWebKit/537.36 (KHTML, like Gecko) Chrome/130.0.6723.116 Safari/537.36"},"id":22},"connectStatusInfo":{"connectStatus":"NEW","errorHeartBeat":0,"heartBeat":0,"restart":0},"name":"peirlveneta311@gmail.com","params":{"ethAddress":"0x904200a9F29d21F9EC7F4A7743751fEE4D32b10d","ecosapiens_register_info":"{\"amount_referred\":0,\"created_at\":\"2025-02-03_11-03-43\",\"priority\":431853,\"referral_link\":\"https://ecosapiens.xyz/pages/airdrop?ref_id=XRD9069GA\",\"referral_token\":\"XRD9069GA\",\"referred_by_signup_token\":null,\"referred_by_waiter_token\":null,\"removed_date\":null,\"uuid\":\"3a904a42-844d-469b-8dbb-c9851c228ac3\",\"verified\":false,\"waitlist_api_key\":\"I74N90\",\"waitlist_id\":24495}\n"},"proxy":{"address":{"address":"46.203.80.116","port":6114},"addressStr":"46.203.80.116:6114","host":"46.203.80.116","id":22,"password":"545n41b7z20x","port":6114,"proxyProtocal":"HTTP","proxyType":"STATIC","usable":true,"username":"hldjmuos"},"restHeaders":{},"rewordInfo":{},"simpleInfo":"22-账户[peirlveneta311@gmail.com]-代理[46.203.80.116:6114]","twitter":{"email":"fjvsm455tt2yj@hotmail.com","f2aToken":"OCEXSII6GA4GH5EC","id":22,"password":"*wikqTYC&mDy9o","username":"utebd77355968"},"usable":false,"wSHeaders":{}}