{"accountBaseInfo":{"browserEnvId":37,"email":"graciallstar@gmail.com","id":37,"password":"RosIAO7j&AVZgQ","proxyId":37,"restHeaders":{},"signUp":true,"twitterId":37,"type":"google","wSHeaders":{}},"browserEnv":{"headers":{"user-agent":"Mozilla/55.0 (Windows NT 10.0; Win64; x64) AppleWebKit/537.36 (KHTML, like Gecko) Chrome/130.0.6723.59 Safari/537.36"},"id":37},"connectStatusInfo":{"connectStatus":"NEW","errorHeartBeat":0,"heartBeat":0,"restart":0},"name":"graciallstar@gmail.com","params":{"ethAddress":"0x3E8f3Dc3693ABBA6a4c370ddA6bD9a8C7bA8B15e","ecosapiens_register_info":"{\"amount_referred\":0,\"created_at\":\"2025-02-03_11-03-47\",\"priority\":409855,\"referral_link\":\"https://ecosapiens.xyz/pages/airdrop?ref_id=Q0V2GB46S\",\"referral_token\":\"Q0V2GB46S\",\"referred_by_signup_token\":null,\"referred_by_waiter_token\":null,\"removed_date\":null,\"uuid\":\"a4ef9054-0546-4cb0-9063-ba2065d0877e\",\"verified\":false,\"waitlist_api_key\":\"I74N90\",\"waitlist_id\":24495}\n"},"proxy":{"address":{"address":"46.203.15.63","port":7064},"addressStr":"46.203.15.63:7064","host":"46.203.15.63","id":37,"password":"545n41b7z20x","port":7064,"proxyProtocal":"HTTP","proxyType":"STATIC","usable":true,"username":"hldjmuos"},"restHeaders":{},"rewordInfo":{},"simpleInfo":"37-账户[graciallstar@gmail.com]-代理[46.203.15.63:7064]","twitter":{"email":"j2osfio87@hotmail.com","f2aToken":"RJ3EUEJ65PTOINX3","id":37,"password":"hss8nm*Eq51LdV","username":"yvckp75959852"},"usable":false,"wSHeaders":{}}