{"accountBaseInfo":{"browserEnvId":0,"email":"shaylavaltin802@gmail.com","id":0,"password":"(nklh9tEcz*Vjs","proxyId":0,"restHeaders":{},"signUp":true,"twitterId":0,"type":"google","wSHeaders":{}},"browserEnv":{"headers":{"user-agent":"Mozilla/55.0 (Windows NT 10.0; Win64; x64) AppleWebKit/537.36 (KHTML, like Gecko) Chrome/128.0.6613.120 Safari/537.36"},"id":0},"connectStatusInfo":{"connectStatus":"NEW","errorHeartBeat":0,"heartBeat":0,"restart":0},"name":"shaylavaltin802@gmail.com","params":{"ethAddress":"0xb2AfEd34BC252Ed923A7316A7f6324d1d31D8B5e","ecosapiens_register_info":"{\"amount_referred\":0,\"created_at\":\"2025-02-03_11-03-47\",\"priority\":457133,\"referral_link\":\"https://ecosapiens.xyz/pages/airdrop?ref_id=PTPNAA3DL\",\"referral_token\":\"PTPNAA3DL\",\"referred_by_signup_token\":null,\"referred_by_waiter_token\":null,\"removed_date\":null,\"uuid\":\"77c25848-7bd0-41a9-a54b-230f639ec137\",\"verified\":false,\"waitlist_api_key\":\"I74N90\",\"waitlist_id\":24495}\n"},"proxy":{"address":{"address":"198.145.103.86","port":6343},"addressStr":"198.145.103.86:6343","host":"198.145.103.86","id":0,"password":"545n41b7z20x","port":6343,"proxyProtocal":"HTTP","proxyType":"STATIC","usable":true,"username":"hldjmuos"},"restHeaders":{},"rewordInfo":{},"simpleInfo":"0-账户[shaylavaltin802@gmail.com]-代理[198.145.103.86:6343]","twitter":{"email":"prokicpuhk@hotmail.com","f2aToken":"7ZM5AVB425OTKXVB","id":0,"password":"2jPK6*KRt#%lht","username":"pojle26268757"},"usable":false,"wSHeaders":{}}