{"accountBaseInfo":{"browserEnvId":47,"email":"nihonyokomaku@gmail.com","id":47,"password":"JFVLrO9g3*cV9V","proxyId":47,"restHeaders":{},"signUp":true,"twitterId":47,"type":"google","wSHeaders":{}},"browserEnv":{"headers":{"user-agent":"Mozilla/55.0 (Windows NT 10.0; Win64; x64) AppleWebKit/537.36 (KHTML, like Gecko) Chrome/129.0.6668.71 Safari/537.36"},"id":47},"connectStatusInfo":{"connectStatus":"NEW","errorHeartBeat":0,"heartBeat":0,"restart":0},"name":"nihonyokomaku@gmail.com","params":{"ethAddress":"0xC702932E2AFBC17C4a36453291e6fdAd61F22057","ecosapiens_register_info":"{\"amount_referred\":0,\"created_at\":\"2025-02-03_11-03-46\",\"priority\":480292,\"referral_link\":\"https://ecosapiens.xyz/pages/airdrop?ref_id=MK10YK49D\",\"referral_token\":\"MK10YK49D\",\"referred_by_signup_token\":null,\"referred_by_waiter_token\":null,\"removed_date\":null,\"uuid\":\"f641bd83-8619-46ed-a27f-c4802d3d9ae3\",\"verified\":false,\"waitlist_api_key\":\"I74N90\",\"waitlist_id\":24495}\n"},"proxy":{"address":{"address":"130.180.232.190","port":8628},"addressStr":"130.180.232.190:8628","host":"130.180.232.190","id":47,"password":"545n41b7z20x","port":8628,"proxyProtocal":"HTTP","proxyType":"STATIC","usable":true,"username":"hldjmuos"},"restHeaders":{},"rewordInfo":{},"simpleInfo":"47-账户[nihonyokomaku@gmail.com]-代理[130.180.232.190:8628]","twitter":{"email":"zwwqld10d2lv@outlook.com","f2aToken":"VNS2WIMT77EFKCNR","id":47,"password":"BTf9*AtqTjOzgx","username":"ttywx87786296"},"usable":false,"wSHeaders":{}}