{"accountBaseInfo":{"browserEnvId":24,"email":"romisada35@gmail.com","id":24,"password":"Z@onC8&*rEneW!","proxyId":24,"restHeaders":{},"signUp":true,"twitterId":24,"type":"google","wSHeaders":{}},"browserEnv":{"headers":{"user-agent":"Mozilla/55.0 (Windows NT 10.0; Win64; x64) AppleWebKit/537.36 (KHTML, like Gecko) Chrome/130.0.6723.92 Safari/537.36"},"id":24},"connectStatusInfo":{"connectStatus":"NEW","errorHeartBeat":0,"heartBeat":0,"restart":0},"name":"romisada35@gmail.com","params":{"ethAddress":"0xD4ED913068fbD93FA0f1Ec6B6d71fD7A6b4Ce89d","ecosapiens_register_info":"{\"amount_referred\":0,\"created_at\":\"2025-02-03_11-03-44\",\"priority\":451942,\"referral_link\":\"https://ecosapiens.xyz/pages/airdrop?ref_id=M078FM0BC\",\"referral_token\":\"M078FM0BC\",\"referred_by_signup_token\":null,\"referred_by_waiter_token\":null,\"removed_date\":null,\"uuid\":\"fdc9e768-1ae9-4775-9a3e-e637851c7f70\",\"verified\":false,\"waitlist_api_key\":\"I74N90\",\"waitlist_id\":24495}\n"},"proxy":{"address":{"address":"46.203.15.34","port":7035},"addressStr":"46.203.15.34:7035","host":"46.203.15.34","id":24,"password":"545n41b7z20x","port":7035,"proxyProtocal":"HTTP","proxyType":"STATIC","usable":true,"username":"hldjmuos"},"restHeaders":{},"rewordInfo":{},"simpleInfo":"24-账户[romisada35@gmail.com]-代理[46.203.15.34:7035]","twitter":{"email":"z1bce0eklq@hotmail.com","f2aToken":"3X6DPGQMUDVIOHLR","id":24,"password":"%po9NzDbaf@@YT","username":"isqwk56171547"},"usable":false,"wSHeaders":{}}