{"accountBaseInfo":{"browserEnvId":49,"email":"baucomhaider178@gmail.com","id":49,"password":"DkbvDqFkRV@il*","proxyId":49,"restHeaders":{},"signUp":true,"twitterId":49,"type":"google","wSHeaders":{}},"browserEnv":{"headers":{"user-agent":"Mozilla/55.0 (Windows NT 10.0; Win64; x64) AppleWebKit/537.36 (KHTML, like Gecko) Chrome/129.0.6668.90 Safari/537.36"},"id":49},"connectStatusInfo":{"connectStatus":"NEW","errorHeartBeat":0,"heartBeat":0,"restart":0},"name":"baucomhaider178@gmail.com","params":{"ethAddress":"0x99120EAE37B43e5465099E4135285eF49910669D","ecosapiens_register_info":"{\"amount_referred\":0,\"created_at\":\"2025-02-03_11-03-44\",\"priority\":416026,\"referral_link\":\"https://ecosapiens.xyz/pages/airdrop?ref_id=IHPTKNYYM\",\"referral_token\":\"IHPTKNYYM\",\"referred_by_signup_token\":null,\"referred_by_waiter_token\":null,\"removed_date\":null,\"uuid\":\"4b879771-8edd-4d6a-b8ba-66a713607d9e\",\"verified\":false,\"waitlist_api_key\":\"I74N90\",\"waitlist_id\":24495}\n"},"proxy":{"address":{"address":"130.180.233.247","port":7818},"addressStr":"130.180.233.247:7818","host":"130.180.233.247","id":49,"password":"545n41b7z20x","port":7818,"proxyProtocal":"HTTP","proxyType":"STATIC","usable":true,"username":"hldjmuos"},"restHeaders":{},"rewordInfo":{},"simpleInfo":"49-账户[baucomhaider178@gmail.com]-代理[130.180.233.247:7818]","twitter":{"email":"chhxij3e33a4w@hotmail.com","f2aToken":"DMLPUQX4GG3Q4LWK","id":49,"password":"&hW2lIR(3UlG4K","username":"ytbin77993989"},"usable":false,"wSHeaders":{}}