{"accountBaseInfo":{"browserEnvId":13,"email":"puentesjacintaabelhas431@gmail.com","id":13,"password":"%PS8J30q1gUkd8","proxyId":13,"restHeaders":{},"signUp":true,"twitterId":13,"type":"google","wSHeaders":{}},"browserEnv":{"headers":{"user-agent":"Mozilla/55.0 (Windows NT 10.0; Win64; x64) AppleWebKit/537.36 (KHTML, like Gecko) Chrome/130.0.6723.92 Safari/537.36"},"id":13},"connectStatusInfo":{"connectStatus":"NEW","errorHeartBeat":0,"heartBeat":0,"restart":0},"name":"puentesjacintaabelhas431@gmail.com","params":{"ethAddress":"0xa3A5F6b5D9fE95acA199aD1986B2D4B95Ae7287e","ecosapiens_register_info":"{\"amount_referred\":0,\"created_at\":\"2025-02-03_11-03-43\",\"priority\":403517,\"referral_link\":\"https://ecosapiens.xyz/pages/airdrop?ref_id=EQQQJ6874\",\"referral_token\":\"EQQQJ6874\",\"referred_by_signup_token\":null,\"referred_by_waiter_token\":null,\"removed_date\":null,\"uuid\":\"d22fe2e6-f18c-4633-8502-aa2fce29dd0e\",\"verified\":false,\"waitlist_api_key\":\"I74N90\",\"waitlist_id\":24495}\n"},"proxy":{"address":{"address":"192.46.203.16","port":5982},"addressStr":"192.46.203.16:5982","host":"192.46.203.16","id":13,"password":"545n41b7z20x","port":5982,"proxyProtocal":"HTTP","proxyType":"STATIC","usable":true,"username":"hldjmuos"},"restHeaders":{},"rewordInfo":{},"simpleInfo":"13-账户[puentesjacintaabelhas431@gmail.com]-代理[192.46.203.16:5982]","twitter":{"email":"ni6c75p7xe8wr@hotmail.com","f2aToken":"O7XYBLSJHIUWVUFX","id":13,"password":"jqP7kY2%E7SOkX","username":"afngb76441746"},"usable":false,"wSHeaders":{}}