{"accountBaseInfo":{"browserEnvId":35,"email":"vergaviajes513@gmail.com","id":35,"password":"w%cvFnxs5H92rz","proxyId":35,"restHeaders":{},"signUp":true,"twitterId":35,"type":"google","wSHeaders":{}},"browserEnv":{"headers":{"user-agent":"Mozilla/55.0 (Windows NT 10.0; Win64; x64) AppleWebKit/537.36 (KHTML, like Gecko) Chrome/130.0.6723.117 Safari/537.36"},"id":35},"connectStatusInfo":{"connectStatus":"NEW","errorHeartBeat":0,"heartBeat":0,"restart":0},"name":"vergaviajes513@gmail.com","params":{"ethAddress":"0xd72ff534D725C493fa906EF770cec727A5e34989","ecosapiens_register_info":"{\"amount_referred\":0,\"created_at\":\"2025-02-03_11-03-42\",\"priority\":437816,\"referral_link\":\"https://ecosapiens.xyz/pages/airdrop?ref_id=8DPXVWU09\",\"referral_token\":\"8DPXVWU09\",\"referred_by_signup_token\":null,\"referred_by_waiter_token\":null,\"removed_date\":null,\"uuid\":\"9b61eda8-da9e-4dcf-a481-75723f36f945\",\"verified\":false,\"waitlist_api_key\":\"I74N90\",\"waitlist_id\":24495}\n"},"proxy":{"address":{"address":"130.180.231.213","port":8355},"addressStr":"130.180.231.213:8355","host":"130.180.231.213","id":35,"password":"545n41b7z20x","port":8355,"proxyProtocal":"HTTP","proxyType":"STATIC","usable":true,"username":"hldjmuos"},"restHeaders":{},"rewordInfo":{},"simpleInfo":"35-账户[vergaviajes513@gmail.com]-代理[130.180.231.213:8355]","twitter":{"email":"em7fb4fevhu9@hotmail.com","f2aToken":"5JFGBAGP54HTY3PC","id":35,"password":"IYO30@E9qKL$Aa","username":"timar15667217"},"usable":false,"wSHeaders":{}}