{"accountBaseInfo":{"browserEnvId":16,"email":"vidamiadiiaana@gmail.com","id":16,"password":"dYGG15MN$KmxUp","proxyId":16,"restHeaders":{},"signUp":true,"twitterId":16,"type":"google","wSHeaders":{}},"browserEnv":{"headers":{"user-agent":"Mozilla/55.0 (Windows NT 10.0; Win64; x64) AppleWebKit/537.36 (KHTML, like Gecko) Chrome/130.0.6723.117 Safari/537.36"},"id":16},"connectStatusInfo":{"connectStatus":"NEW","errorHeartBeat":0,"heartBeat":0,"restart":0},"name":"vidamiadiiaana@gmail.com","params":{"ethAddress":"0xEE0384eD5572f57066272c19Fb3e31BE9dcac1B0","ecosapiens_register_info":"{\"amount_referred\":0,\"created_at\":\"2025-02-03_11-03-47\",\"priority\":470228,\"referral_link\":\"https://ecosapiens.xyz/pages/airdrop?ref_id=EZQH7OJFD\",\"referral_token\":\"EZQH7OJFD\",\"referred_by_signup_token\":null,\"referred_by_waiter_token\":null,\"removed_date\":null,\"uuid\":\"0599294f-7ab2-4512-98e7-f4c61dd75ebe\",\"verified\":false,\"waitlist_api_key\":\"I74N90\",\"waitlist_id\":24495}\n"},"proxy":{"address":{"address":"198.145.103.45","port":6302},"addressStr":"198.145.103.45:6302","host":"198.145.103.45","id":16,"password":"545n41b7z20x","port":6302,"proxyProtocal":"HTTP","proxyType":"STATIC","usable":true,"username":"hldjmuos"},"restHeaders":{},"rewordInfo":{},"simpleInfo":"16-账户[vidamiadiiaana@gmail.com]-代理[198.145.103.45:6302]","twitter":{"email":"eel0jyuzw@hotmail.com","f2aToken":"BXMTR3PX3QV6KK2G","id":16,"password":"JNRwB6g2LT6mK4","username":"udcgj72173895"},"usable":false,"wSHeaders":{}}