{"accountBaseInfo":{"browserEnvId":11,"email":"lotsfrasha@gmail.com","id":11,"password":"MPScv6W@uqXIzm","proxyId":11,"restHeaders":{},"signUp":true,"twitterId":11,"type":"google","wSHeaders":{}},"browserEnv":{"headers":{"user-agent":"Mozilla/55.0 (Windows NT 10.0; Win64; x64) AppleWebKit/537.36 (KHTML, like Gecko) Chrome/130.0.6723.59 Safari/537.36"},"id":11},"connectStatusInfo":{"connectStatus":"NEW","errorHeartBeat":0,"heartBeat":0,"restart":0},"name":"lotsfrasha@gmail.com","params":{"ethAddress":"0x96c2f231896e9b964198C1f0BC5F88707bfA328D","ecosapiens_register_info":"{\"amount_referred\":0,\"created_at\":\"2025-02-03_11-03-45\",\"priority\":420257,\"referral_link\":\"https://ecosapiens.xyz/pages/airdrop?ref_id=YGWPM9IBK\",\"referral_token\":\"YGWPM9IBK\",\"referred_by_signup_token\":null,\"referred_by_waiter_token\":null,\"removed_date\":null,\"uuid\":\"2cc1fc45-8f13-45b6-ac86-e016e7185af0\",\"verified\":false,\"waitlist_api_key\":\"I74N90\",\"waitlist_id\":24495}\n"},"proxy":{"address":{"address":"46.203.76.251","port":6751},"addressStr":"46.203.76.251:6751","host":"46.203.76.251","id":11,"password":"545n41b7z20x","port":6751,"proxyProtocal":"HTTP","proxyType":"STATIC","usable":true,"username":"hldjmuos"},"restHeaders":{},"rewordInfo":{},"simpleInfo":"11-账户[lotsfrasha@gmail.com]-代理[46.203.76.251:6751]","twitter":{"email":"m71z9km22eb@outlook.com","f2aToken":"QGFXRD6XCWKE5RAD","id":11,"password":"CyvV$veMSVV9ry","username":"omtgg37867213"},"usable":false,"wSHeaders":{}}