{"accountBaseInfo":{"browserEnvId":27,"email":"kvnchurasacari991@gmail.com","id":27,"password":"nVrYuYJ!KvXF23","proxyId":27,"restHeaders":{},"signUp":true,"twitterId":27,"type":"google","wSHeaders":{}},"browserEnv":{"headers":{"user-agent":"Mozilla/55.0 (Windows NT 10.0; Win64; x64) AppleWebKit/537.36 (KHTML, like Gecko) Chrome/130.0.6723.70 Safari/537.36"},"id":27},"connectStatusInfo":{"connectStatus":"NEW","errorHeartBeat":0,"heartBeat":0,"restart":0},"name":"kvnchurasacari991@gmail.com","params":{"ethAddress":"0x2aa5180B745C77C3D81B2810988EDc8b659369ab","ecosapiens_register_info":"{\"amount_referred\":0,\"created_at\":\"2025-02-03_11-03-45\",\"priority\":457324,\"referral_link\":\"https://ecosapiens.xyz/pages/airdrop?ref_id=3ZP09D7P3\",\"referral_token\":\"3ZP09D7P3\",\"referred_by_signup_token\":null,\"referred_by_waiter_token\":null,\"removed_date\":null,\"uuid\":\"df489a1f-1f8b-4ab4-950c-d384f75b7f8f\",\"verified\":false,\"waitlist_api_key\":\"I74N90\",\"waitlist_id\":24495}\n"},"proxy":{"address":{"address":"46.203.76.252","port":6752},"addressStr":"46.203.76.252:6752","host":"46.203.76.252","id":27,"password":"545n41b7z20x","port":6752,"proxyProtocal":"HTTP","proxyType":"STATIC","usable":true,"username":"hldjmuos"},"restHeaders":{},"rewordInfo":{},"simpleInfo":"27-账户[kvnchurasacari991@gmail.com]-代理[46.203.76.252:6752]","twitter":{"email":"rrohbz1k2@outlook.com","f2aToken":"GWNYUWSXZD5QAZF5","id":27,"password":"dgudj#i9P9xp$Q","username":"hctjk19523749"},"usable":false,"wSHeaders":{}}