{"accountBaseInfo":{"browserEnvId":33,"email":"betoyaqueline@gmail.com","id":33,"password":"l3BZN@vzOEt^GU","proxyId":33,"restHeaders":{},"signUp":true,"twitterId":33,"type":"google","wSHeaders":{}},"browserEnv":{"headers":{"user-agent":"Mozilla/55.0 (Windows NT 10.0; Win64; x64) AppleWebKit/537.36 (KHTML, like Gecko) Chrome/129.0.6668.89 Safari/537.36"},"id":33},"connectStatusInfo":{"connectStatus":"NEW","errorHeartBeat":0,"heartBeat":0,"restart":0},"name":"betoyaqueline@gmail.com","params":{"ethAddress":"0x62C56eeBE1F15Ca653463bcb7AF095eE849b8Dc2","ecosapiens_register_info":"{\"amount_referred\":0,\"created_at\":\"2025-02-03_11-03-43\",\"priority\":414854,\"referral_link\":\"https://ecosapiens.xyz/pages/airdrop?ref_id=3L45WL2XP\",\"referral_token\":\"3L45WL2XP\",\"referred_by_signup_token\":null,\"referred_by_waiter_token\":null,\"removed_date\":null,\"uuid\":\"22cc4e6b-9af8-430a-927a-86545d2f0c16\",\"verified\":false,\"waitlist_api_key\":\"I74N90\",\"waitlist_id\":24495}\n"},"proxy":{"address":{"address":"130.180.231.230","port":8372},"addressStr":"130.180.231.230:8372","host":"130.180.231.230","id":33,"password":"545n41b7z20x","port":8372,"proxyProtocal":"HTTP","proxyType":"STATIC","usable":true,"username":"hldjmuos"},"restHeaders":{},"rewordInfo":{},"simpleInfo":"33-账户[betoyaqueline@gmail.com]-代理[130.180.231.230:8372]","twitter":{"email":"pblw3rdiy@outlook.com","f2aToken":"4O7ZZGK7U2ZT56CZ","id":33,"password":"MZL@V0YSptz*px","username":"mbzir87318116"},"usable":false,"wSHeaders":{}}