{"accountBaseInfo":{"browserEnvId":34,"email":"ajazueyanagi@gmail.com","id":34,"password":"Q3UWWufK3iB0ZZ","proxyId":34,"restHeaders":{},"signUp":true,"twitterId":34,"type":"google","wSHeaders":{}},"browserEnv":{"headers":{"user-agent":"Mozilla/55.0 (Windows NT 10.0; Win64; x64) AppleWebKit/537.36 (KHTML, like Gecko) Chrome/130.0.6723.92 Safari/537.36"},"id":34},"connectStatusInfo":{"connectStatus":"NEW","errorHeartBeat":0,"heartBeat":0,"restart":0},"name":"ajazueyanagi@gmail.com","params":{"ethAddress":"0x24f4c53A838f18F1118A8f444048922dE681F5bd","ecosapiens_register_info":"{\"amount_referred\":0,\"created_at\":\"2025-02-03_11-03-43\",\"priority\":453164,\"referral_link\":\"https://ecosapiens.xyz/pages/airdrop?ref_id=1SJ7BZBH9\",\"referral_token\":\"1SJ7BZBH9\",\"referred_by_signup_token\":null,\"referred_by_waiter_token\":null,\"removed_date\":null,\"uuid\":\"b0c1d885-6435-41ab-a613-f67f0e30732e\",\"verified\":false,\"waitlist_api_key\":\"I74N90\",\"waitlist_id\":24495}\n"},"proxy":{"address":{"address":"46.203.30.84","port":6085},"addressStr":"46.203.30.84:6085","host":"46.203.30.84","id":34,"password":"545n41b7z20x","port":6085,"proxyProtocal":"HTTP","proxyType":"STATIC","usable":true,"username":"hldjmuos"},"restHeaders":{},"rewordInfo":{},"simpleInfo":"34-账户[ajazueyanagi@gmail.com]-代理[46.203.30.84:6085]","twitter":{"email":"viishfoffa97@hotmail.com","f2aToken":"TO35WKFSF3CVBVML","id":34,"password":"*)QKjAtBeofBF%","username":"wmoqu76559927"},"usable":false,"wSHeaders":{}}