{"accountBaseInfo":{"browserEnvId":20,"email":"deykerrma@gmail.com","id":20,"password":"A0c^MEf(MWjuhl","proxyId":20,"restHeaders":{},"signUp":true,"twitterId":20,"type":"google","wSHeaders":{}},"browserEnv":{"headers":{"user-agent":"Mozilla/55.0 (Windows NT 10.0; Win64; x64) AppleWebKit/537.36 (KHTML, like Gecko) Chrome/129.0.6668.100 Safari/537.36"},"id":20},"connectStatusInfo":{"connectStatus":"NEW","errorHeartBeat":0,"heartBeat":0,"restart":0},"name":"deykerrma@gmail.com","params":{"ethAddress":"0x04E81DC917F2eF93FB421D9335428dcCf345fBAA","ecosapiens_register_info":"{\"amount_referred\":0,\"created_at\":\"2025-02-03_11-03-47\",\"priority\":459794,\"referral_link\":\"https://ecosapiens.xyz/pages/airdrop?ref_id=SR0REP7L2\",\"referral_token\":\"SR0REP7L2\",\"referred_by_signup_token\":null,\"referred_by_waiter_token\":null,\"removed_date\":null,\"uuid\":\"d387045a-feaa-4197-a6cf-de40385499df\",\"verified\":false,\"waitlist_api_key\":\"I74N90\",\"waitlist_id\":24495}\n"},"proxy":{"address":{"address":"192.46.201.115","port":6629},"addressStr":"192.46.201.115:6629","host":"192.46.201.115","id":20,"password":"545n41b7z20x","port":6629,"proxyProtocal":"HTTP","proxyType":"STATIC","usable":true,"username":"hldjmuos"},"restHeaders":{},"rewordInfo":{},"simpleInfo":"20-账户[deykerrma@gmail.com]-代理[192.46.201.115:6629]","twitter":{"email":"yadisibezat@hotmail.com","f2aToken":"FP6WZESZGN5OUWMB","id":20,"password":"zgLV(8IfVvPzB7","username":"mbxgp92149819"},"usable":false,"wSHeaders":{}}