{"accountBaseInfo":{"browserEnvId":40,"email":"muhammadalimaemunah@gmail.com","id":40,"password":"%Mk&Un!iyD4Y5D","proxyId":40,"restHeaders":{},"signUp":true,"twitterId":40,"type":"google","wSHeaders":{}},"browserEnv":{"headers":{"user-agent":"Mozilla/55.0 (Windows NT 10.0; Win64; x64) AppleWebKit/537.36 (KHTML, like Gecko) Chrome/130.0.6723.117 Safari/537.36"},"id":40},"connectStatusInfo":{"connectStatus":"NEW","errorHeartBeat":0,"heartBeat":0,"restart":0},"name":"muhammadalimaemunah@gmail.com","params":{"ethAddress":"0x2A69A0356C53E004fc9DA7f9419562c03D31f9B7","ecosapiens_register_info":"{\"amount_referred\":0,\"created_at\":\"2025-02-03_11-03-47\",\"priority\":402705,\"referral_link\":\"https://ecosapiens.xyz/pages/airdrop?ref_id=1VYXJW2CR\",\"referral_token\":\"1VYXJW2CR\",\"referred_by_signup_token\":null,\"referred_by_waiter_token\":null,\"removed_date\":null,\"uuid\":\"41dfcb93-6acd-424d-8ff1-b52254e4bdaa\",\"verified\":false,\"waitlist_api_key\":\"I74N90\",\"waitlist_id\":24495}\n"},"proxy":{"address":{"address":"130.180.231.236","port":8378},"addressStr":"130.180.231.236:8378","host":"130.180.231.236","id":40,"password":"545n41b7z20x","port":8378,"proxyProtocal":"HTTP","proxyType":"STATIC","usable":true,"username":"hldjmuos"},"restHeaders":{},"rewordInfo":{},"simpleInfo":"40-账户[muhammadalimaemunah@gmail.com]-代理[130.180.231.236:8378]","twitter":{"email":"vnc3y4tsugg@hotmail.com","f2aToken":"KIMBYTQQ3RH4WNNS","id":40,"password":"Ji0$iogdyFmG@j","username":"gvicy72824877"},"usable":false,"wSHeaders":{}}