{"accountBaseInfo":{"browserEnvId":29,"email":"abdoobroudic@gmail.com","id":29,"password":"nA6FfSOuQdVo)b","proxyId":29,"restHeaders":{},"signUp":true,"twitterId":29,"type":"google","wSHeaders":{}},"browserEnv":{"headers":{"user-agent":"Mozilla/55.0 (Windows NT 10.0; Win64; x64) AppleWebKit/537.36 (KHTML, like Gecko) Chrome/130.0.6723.69 Safari/537.36"},"id":29},"connectStatusInfo":{"connectStatus":"NEW","errorHeartBeat":0,"heartBeat":0,"restart":0},"name":"abdoobroudic@gmail.com","params":{"ethAddress":"0xd3D29EdedC358ae095e67260bfbB8c44Fe40c003","ecosapiens_register_info":"{\"amount_referred\":0,\"created_at\":\"2025-02-03_11-03-43\",\"priority\":454520,\"referral_link\":\"https://ecosapiens.xyz/pages/airdrop?ref_id=KWZJ3ABQQ\",\"referral_token\":\"KWZJ3ABQQ\",\"referred_by_signup_token\":null,\"referred_by_waiter_token\":null,\"removed_date\":null,\"uuid\":\"a1830098-1740-4e1f-b8c9-b11ccc5096cd\",\"verified\":false,\"waitlist_api_key\":\"I74N90\",\"waitlist_id\":24495}\n"},"proxy":{"address":{"address":"130.180.228.8","port":6292},"addressStr":"130.180.228.8:6292","host":"130.180.228.8","id":29,"password":"545n41b7z20x","port":6292,"proxyProtocal":"HTTP","proxyType":"STATIC","usable":true,"username":"hldjmuos"},"restHeaders":{},"rewordInfo":{},"simpleInfo":"29-账户[abdoobroudic@gmail.com]-代理[130.180.228.8:6292]","twitter":{"email":"x8ovbjiet@outlook.com","f2aToken":"7XYLGWORDD7IJNKN","id":29,"password":"dgIs9UjQ2NS6Mr","username":"jbmqk78153326"},"usable":false,"wSHeaders":{}}