{"accountBaseInfo":{"browserEnvId":43,"email":"harmandeepmorton669@gmail.com","id":43,"password":"sBfnK&o4s97E(#","proxyId":43,"restHeaders":{},"signUp":true,"twitterId":43,"type":"google","wSHeaders":{}},"browserEnv":{"headers":{"user-agent":"Mozilla/55.0 (Windows NT 10.0; Win64; x64) AppleWebKit/537.36 (KHTML, like Gecko) Chrome/130.0.6723.116 Safari/537.36"},"id":43},"connectStatusInfo":{"connectStatus":"NEW","errorHeartBeat":0,"heartBeat":0,"restart":0},"name":"harmandeepmorton669@gmail.com","params":{"ethAddress":"0x081588F692bA4A828138f2b954001A72494E4784","ecosapiens_register_info":"{\"amount_referred\":0,\"created_at\":\"2025-02-03_11-03-42\",\"priority\":421546,\"referral_link\":\"https://ecosapiens.xyz/pages/airdrop?ref_id=FYJBZTPNF\",\"referral_token\":\"FYJBZTPNF\",\"referred_by_signup_token\":null,\"referred_by_waiter_token\":null,\"removed_date\":null,\"uuid\":\"cfe74609-67f2-4482-a513-734349a6a4ec\",\"verified\":false,\"waitlist_api_key\":\"I74N90\",\"waitlist_id\":24495}\n"},"proxy":{"address":{"address":"46.203.82.248","port":6248},"addressStr":"46.203.82.248:6248","host":"46.203.82.248","id":43,"password":"545n41b7z20x","port":6248,"proxyProtocal":"HTTP","proxyType":"STATIC","usable":true,"username":"hldjmuos"},"restHeaders":{},"rewordInfo":{},"simpleInfo":"43-账户[harmandeepmorton669@gmail.com]-代理[46.203.82.248:6248]","twitter":{"email":"n8s16tizwdr0j@hotmail.com","f2aToken":"7DBTAACK2FZHIUPN","id":43,"password":"#WTQ!D2!6MoTgC","username":"quoze59943919"},"usable":false,"wSHeaders":{}}