{"accountBaseInfo":{"browserEnvId":18,"email":"gudeliocleary@gmail.com","id":18,"password":"Gpf6V0v$$@&cp9","proxyId":18,"restHeaders":{},"signUp":true,"twitterId":18,"type":"google","wSHeaders":{}},"browserEnv":{"headers":{"user-agent":"Mozilla/55.0 (Windows NT 10.0; Win64; x64) AppleWebKit/537.36 (KHTML, like Gecko) Chrome/130.0.6723.70 Safari/537.36"},"id":18},"connectStatusInfo":{"connectStatus":"NEW","errorHeartBeat":0,"heartBeat":0,"restart":0},"name":"gudeliocleary@gmail.com","params":{"ethAddress":"0xccF979054E05E05a895a834F26eb8ef3693880DD","ecosapiens_register_info":"{\"amount_referred\":0,\"created_at\":\"2025-02-03_11-03-43\",\"priority\":402987,\"referral_link\":\"https://ecosapiens.xyz/pages/airdrop?ref_id=7X5SLBTIP\",\"referral_token\":\"7X5SLBTIP\",\"referred_by_signup_token\":null,\"referred_by_waiter_token\":null,\"removed_date\":null,\"uuid\":\"c9050da8-ae10-418b-8ddb-5f7a4878dc9b\",\"verified\":false,\"waitlist_api_key\":\"I74N90\",\"waitlist_id\":24495}\n"},"proxy":{"address":{"address":"192.46.201.76","port":6590},"addressStr":"192.46.201.76:6590","host":"192.46.201.76","id":18,"password":"545n41b7z20x","port":6590,"proxyProtocal":"HTTP","proxyType":"STATIC","usable":true,"username":"hldjmuos"},"restHeaders":{},"rewordInfo":{},"simpleInfo":"18-账户[gudeliocleary@gmail.com]-代理[192.46.201.76:6590]","twitter":{"email":"m9b6w1v9y@outlook.com","f2aToken":"UPTZUFVOM3FITT3T","id":18,"password":"6$QSlG303*0TWX","username":"tqlco73151837"},"usable":false,"wSHeaders":{}}