{"accountBaseInfo":{"browserEnvId":15,"email":"jamileheston733@gmail.com","id":15,"password":"tEW6L7t!Lq1czN","proxyId":15,"restHeaders":{},"signUp":true,"twitterId":15,"type":"google","wSHeaders":{}},"browserEnv":{"headers":{"user-agent":"Mozilla/55.0 (Windows NT 10.0; Win64; x64) AppleWebKit/537.36 (KHTML, like Gecko) Chrome/130.0.6723.92 Safari/537.36"},"id":15},"connectStatusInfo":{"connectStatus":"NEW","errorHeartBeat":0,"heartBeat":0,"restart":0},"name":"jamileheston733@gmail.com","params":{"ethAddress":"0x3038e88397908e6d0562Ed6FBbC7D9DfF3d17926","ecosapiens_register_info":"{\"amount_referred\":0,\"created_at\":\"2025-02-03_11-03-42\",\"priority\":475293,\"referral_link\":\"https://ecosapiens.xyz/pages/airdrop?ref_id=0IH1QKN3B\",\"referral_token\":\"0IH1QKN3B\",\"referred_by_signup_token\":null,\"referred_by_waiter_token\":null,\"removed_date\":null,\"uuid\":\"f323c3b4-696f-4a73-8a12-7fff23cf3a12\",\"verified\":false,\"waitlist_api_key\":\"I74N90\",\"waitlist_id\":24495}\n"},"proxy":{"address":{"address":"130.180.237.68","port":7011},"addressStr":"130.180.237.68:7011","host":"130.180.237.68","id":15,"password":"545n41b7z20x","port":7011,"proxyProtocal":"HTTP","proxyType":"STATIC","usable":true,"username":"hldjmuos"},"restHeaders":{},"rewordInfo":{},"simpleInfo":"15-账户[jamileheston733@gmail.com]-代理[130.180.237.68:7011]","twitter":{"email":"zhtqkw9y4dzq5@outlook.com","f2aToken":"UH6DH42QJ7MKZZIB","id":15,"password":"CWbp29pE0MMD#T","username":"ktvho43119796"},"usable":false,"wSHeaders":{}}