{"accountBaseInfo":{"browserEnvId":8,"email":"copettefarzon@gmail.com","id":8,"password":"1GJ!C%3b08)bt#","proxyId":8,"restHeaders":{},"signUp":true,"twitterId":8,"type":"google","wSHeaders":{}},"browserEnv":{"headers":{"user-agent":"Mozilla/55.0 (Windows NT 10.0; Win64; x64) AppleWebKit/537.36 (KHTML, like Gecko) Chrome/130.0.6723.70 Safari/537.36"},"id":8},"connectStatusInfo":{"connectStatus":"NEW","errorHeartBeat":0,"heartBeat":0,"restart":0},"name":"copettefarzon@gmail.com","params":{"ethAddress":"0x7B26358b3DEbcB6A7BA5C91EaE31b10a3897B378","ecosapiens_register_info":"{\"amount_referred\":0,\"created_at\":\"2025-02-03_11-03-44\",\"priority\":409722,\"referral_link\":\"https://ecosapiens.xyz/pages/airdrop?ref_id=YC7NWTHWC\",\"referral_token\":\"YC7NWTHWC\",\"referred_by_signup_token\":null,\"referred_by_waiter_token\":null,\"removed_date\":null,\"uuid\":\"9772a931-0603-4863-8434-e9ba8efe11f2\",\"verified\":false,\"waitlist_api_key\":\"I74N90\",\"waitlist_id\":24495}\n"},"proxy":{"address":{"address":"192.46.201.209","port":6723},"addressStr":"192.46.201.209:6723","host":"192.46.201.209","id":8,"password":"545n41b7z20x","port":6723,"proxyProtocal":"HTTP","proxyType":"STATIC","usable":true,"username":"hldjmuos"},"restHeaders":{},"rewordInfo":{},"simpleInfo":"8-账户[copettefarzon@gmail.com]-代理[192.46.201.209:6723]","twitter":{"email":"g67jntpizqedy@hotmail.com","f2aToken":"Z7MJOM23Q2Z7CT4J","id":8,"password":"s#mo(QvUeq0MM6","username":"qavlu37119263"},"usable":false,"wSHeaders":{}}