{"accountBaseInfo":{"browserEnvId":19,"email":"nepaliredz@gmail.com","id":19,"password":"f667J5a302@l1n","proxyId":19,"restHeaders":{},"signUp":true,"twitterId":19,"type":"google","wSHeaders":{}},"browserEnv":{"headers":{"user-agent":"Mozilla/55.0 (Windows NT 10.0; Win64; x64) AppleWebKit/537.36 (KHTML, like Gecko) Chrome/130.0.6723.92 Safari/537.36"},"id":19},"connectStatusInfo":{"connectStatus":"NEW","errorHeartBeat":0,"heartBeat":0,"restart":0},"name":"nepaliredz@gmail.com","params":{"ethAddress":"0x2dB603E747E2db72747E5b972006f19B2D0d73a1","ecosapiens_register_info":"{\"amount_referred\":0,\"created_at\":\"2025-02-03_11-03-42\",\"priority\":462562,\"referral_link\":\"https://ecosapiens.xyz/pages/airdrop?ref_id=8W6HHVZXK\",\"referral_token\":\"8W6HHVZXK\",\"referred_by_signup_token\":null,\"referred_by_waiter_token\":null,\"removed_date\":null,\"uuid\":\"926a1f71-9c3d-4a97-a80d-b638798a1d72\",\"verified\":false,\"waitlist_api_key\":\"I74N90\",\"waitlist_id\":24495}\n"},"proxy":{"address":{"address":"192.46.201.191","port":6705},"addressStr":"192.46.201.191:6705","host":"192.46.201.191","id":19,"password":"545n41b7z20x","port":6705,"proxyProtocal":"HTTP","proxyType":"STATIC","usable":true,"username":"hldjmuos"},"restHeaders":{},"rewordInfo":{},"simpleInfo":"19-账户[nepaliredz@gmail.com]-代理[192.46.201.191:6705]","twitter":{"email":"kv4plywnv@hotmail.com","f2aToken":"BIBKPSDL2QBTSUQH","id":19,"password":"FZJPfbg%%%rj%i","username":"iusuv36764879"},"usable":false,"wSHeaders":{}}