{"accountBaseInfo":{"browserEnvId":45,"email":"poonthottathilbittu@gmail.com","id":45,"password":"C5%Xy#R6njyjIg","proxyId":45,"restHeaders":{},"signUp":true,"twitterId":45,"type":"google","wSHeaders":{}},"browserEnv":{"headers":{"user-agent":"Mozilla/55.0 (Windows NT 10.0; Win64; x64) AppleWebKit/537.36 (KHTML, like Gecko) Chrome/129.0.6668.70 Safari/537.36"},"id":45},"connectStatusInfo":{"connectStatus":"NEW","errorHeartBeat":0,"heartBeat":0,"restart":0},"name":"poonthottathilbittu@gmail.com","params":{"ethAddress":"0x24f6a34FD406f48F9C77F12e77E1371585Cd711a","ecosapiens_register_info":"{\"amount_referred\":0,\"created_at\":\"2025-02-03_11-03-44\",\"priority\":491987,\"referral_link\":\"https://ecosapiens.xyz/pages/airdrop?ref_id=5NY669UJG\",\"referral_token\":\"5NY669UJG\",\"referred_by_signup_token\":null,\"referred_by_waiter_token\":null,\"removed_date\":null,\"uuid\":\"b2a2092d-c8fe-4e4d-8e23-0c94c6fbd447\",\"verified\":false,\"waitlist_api_key\":\"I74N90\",\"waitlist_id\":24495}\n"},"proxy":{"address":{"address":"46.203.86.201","port":5701},"addressStr":"46.203.86.201:5701","host":"46.203.86.201","id":45,"password":"545n41b7z20x","port":5701,"proxyProtocal":"HTTP","proxyType":"STATIC","usable":true,"username":"hldjmuos"},"restHeaders":{},"rewordInfo":{},"simpleInfo":"45-账户[poonthottathilbittu@gmail.com]-代理[46.203.86.201:5701]","twitter":{"email":"qjwrw3o48h4i4@hotmail.com","f2aToken":"G5EED2PKDAEZJ4BX","id":45,"password":"rw)QF8VtfhVY%b","username":"lwwug75212768"},"usable":false,"wSHeaders":{}}