{"accountBaseInfo":{"browserEnvId":41,"email":"yosiefabatte@gmail.com","id":41,"password":"(0*z7pnM3R3)Ju","proxyId":41,"restHeaders":{},"signUp":true,"twitterId":41,"type":"google","wSHeaders":{}},"browserEnv":{"headers":{"user-agent":"Mozilla/55.0 (Windows NT 10.0; Win64; x64) AppleWebKit/537.36 (KHTML, like Gecko) Chrome/130.0.6723.117 Safari/537.36"},"id":41},"connectStatusInfo":{"connectStatus":"NEW","errorHeartBeat":0,"heartBeat":0,"restart":0},"name":"yosiefabatte@gmail.com","params":{"ethAddress":"0x3aB6Df2918582bdd99632A9E4eb297f9b8A257eE","ecosapiens_register_info":"{\"amount_referred\":0,\"created_at\":\"2025-02-03_11-03-47\",\"priority\":409889,\"referral_link\":\"https://ecosapiens.xyz/pages/airdrop?ref_id=93S34ULJ7\",\"referral_token\":\"93S34ULJ7\",\"referred_by_signup_token\":null,\"referred_by_waiter_token\":null,\"removed_date\":null,\"uuid\":\"bb163efb-ae21-4efe-b4a3-eed49c087535\",\"verified\":false,\"waitlist_api_key\":\"I74N90\",\"waitlist_id\":24495}\n"},"proxy":{"address":{"address":"46.203.82.156","port":6156},"addressStr":"46.203.82.156:6156","host":"46.203.82.156","id":41,"password":"545n41b7z20x","port":6156,"proxyProtocal":"HTTP","proxyType":"STATIC","usable":true,"username":"hldjmuos"},"restHeaders":{},"rewordInfo":{},"simpleInfo":"41-账户[yosiefabatte@gmail.com]-代理[46.203.82.156:6156]","twitter":{"email":"hessnboder36@outlook.com","f2aToken":"LAJE3VKNIUC2AU5H","id":41,"password":"Gym9@BFkSPTVIG","username":"dzadq13878124"},"usable":false,"wSHeaders":{}}