{"accountBaseInfo":{"browserEnvId":44,"email":"bolzoniwithi@gmail.com","id":44,"password":"H(q@GIcIe7k2ss","proxyId":44,"restHeaders":{},"signUp":true,"twitterId":44,"type":"google","wSHeaders":{}},"browserEnv":{"headers":{"user-agent":"Mozilla/55.0 (Windows NT 10.0; Win64; x64) AppleWebKit/537.36 (KHTML, like Gecko) Chrome/130.0.6723.117 Safari/537.36"},"id":44},"connectStatusInfo":{"connectStatus":"NEW","errorHeartBeat":0,"heartBeat":0,"restart":0},"name":"bolzoniwithi@gmail.com","params":{"ethAddress":"0x195808ec57C937C3800739Ea44f0ae892254dd7D","ecosapiens_register_info":"{\"amount_referred\":0,\"created_at\":\"2025-02-03_11-03-43\",\"priority\":491659,\"referral_link\":\"https://ecosapiens.xyz/pages/airdrop?ref_id=5UUNY37ZQ\",\"referral_token\":\"5UUNY37ZQ\",\"referred_by_signup_token\":null,\"referred_by_waiter_token\":null,\"removed_date\":null,\"uuid\":\"729e409b-424b-4c3f-af4f-757823bd9172\",\"verified\":false,\"waitlist_api_key\":\"I74N90\",\"waitlist_id\":24495}\n"},"proxy":{"address":{"address":"46.203.29.211","port":6698},"addressStr":"46.203.29.211:6698","host":"46.203.29.211","id":44,"password":"545n41b7z20x","port":6698,"proxyProtocal":"HTTP","proxyType":"STATIC","usable":true,"username":"hldjmuos"},"restHeaders":{},"rewordInfo":{},"simpleInfo":"44-账户[bolzoniwithi@gmail.com]-代理[46.203.29.211:6698]","twitter":{"email":"jeyr8l3pddgka@outlook.com","f2aToken":"6XVFH7NP2ISJ3DBL","id":44,"password":"uKAjRk2OTr#4b&","username":"kqohr32898213"},"usable":false,"wSHeaders":{}}