{"accountBaseInfo":{"browserEnvId":17,"email":"juancruzyhorhdhy@gmail.com","id":17,"password":"bM@7b0L7CWyb!h","proxyId":17,"restHeaders":{},"signUp":true,"twitterId":17,"type":"google","wSHeaders":{}},"browserEnv":{"headers":{"user-agent":"Mozilla/55.0 (Windows NT 10.0; Win64; x64) AppleWebKit/537.36 (KHTML, like Gecko) Chrome/130.0.6723.69 Safari/537.36"},"id":17},"connectStatusInfo":{"connectStatus":"NEW","errorHeartBeat":0,"heartBeat":0,"restart":0},"name":"juancruzyhorhdhy@gmail.com","params":{"ethAddress":"0x91815868014952F3D8D6899CdbE06704cF91e455","ecosapiens_register_info":"{\"amount_referred\":0,\"created_at\":\"2025-02-03_11-03-47\",\"priority\":442610,\"referral_link\":\"https://ecosapiens.xyz/pages/airdrop?ref_id=ALLSF6JD6\",\"referral_token\":\"ALLSF6JD6\",\"referred_by_signup_token\":null,\"referred_by_waiter_token\":null,\"removed_date\":null,\"uuid\":\"17ca5ed1-c528-45c1-9f89-ba2fd87c817a\",\"verified\":false,\"waitlist_api_key\":\"I74N90\",\"waitlist_id\":24495}\n"},"proxy":{"address":{"address":"192.46.201.7","port":6521},"addressStr":"192.46.201.7:6521","host":"192.46.201.7","id":17,"password":"545n41b7z20x","port":6521,"proxyProtocal":"HTTP","proxyType":"STATIC","usable":true,"username":"hldjmuos"},"restHeaders":{},"rewordInfo":{},"simpleInfo":"17-账户[juancruzyhorhdhy@gmail.com]-代理[192.46.201.7:6521]","twitter":{"email":"yhfjtq226bcpe@hotmail.com","f2aToken":"RKS63CDG3LIMHC7T","id":17,"password":"Zs$3EsD7JlvW3y","username":"mgjeq48167782"},"usable":false,"wSHeaders":{}}