{"accountBaseInfo":{"browserEnvId":25,"email":"emailinnikol@gmail.com","id":25,"password":"RO*jYmDIZcBq7m","proxyId":25,"restHeaders":{},"signUp":true,"twitterId":25,"type":"google","wSHeaders":{}},"browserEnv":{"headers":{"user-agent":"Mozilla/55.0 (Windows NT 10.0; Win64; x64) AppleWebKit/537.36 (KHTML, like Gecko) Chrome/130.0.6723.69 Safari/537.36"},"id":25},"connectStatusInfo":{"connectStatus":"NEW","errorHeartBeat":0,"heartBeat":0,"restart":0},"name":"emailinnikol@gmail.com","params":{"ethAddress":"0x05CFBc506c4C083dfa75a4319da2E1f4166d19E6","ecosapiens_register_info":"{\"amount_referred\":0,\"created_at\":\"2025-02-03_11-03-44\",\"priority\":408227,\"referral_link\":\"https://ecosapiens.xyz/pages/airdrop?ref_id=UXSB3MKAP\",\"referral_token\":\"UXSB3MKAP\",\"referred_by_signup_token\":null,\"referred_by_waiter_token\":null,\"removed_date\":null,\"uuid\":\"26f07ddc-f003-4cf1-921f-2d13d0c84af0\",\"verified\":false,\"waitlist_api_key\":\"I74N90\",\"waitlist_id\":24495}\n"},"proxy":{"address":{"address":"103.243.147.77","port":6056},"addressStr":"103.243.147.77:6056","host":"103.243.147.77","id":25,"password":"545n41b7z20x","port":6056,"proxyProtocal":"HTTP","proxyType":"STATIC","usable":true,"username":"hldjmuos"},"restHeaders":{},"rewordInfo":{},"simpleInfo":"25-账户[emailinnikol@gmail.com]-代理[103.243.147.77:6056]","twitter":{"email":"lagxmvgpm@outlook.com","f2aToken":"MHEL7XBE54SRAI3M","id":25,"password":"HUs&9w4sYQuqSC","username":"gstmp25785553"},"usable":false,"wSHeaders":{}}