{"accountBaseInfo":{"browserEnvId":28,"email":"tutzinyilber@gmail.com","id":28,"password":"(amzp@nbKN3veZ","proxyId":28,"restHeaders":{},"signUp":true,"twitterId":28,"type":"google","wSHeaders":{}},"browserEnv":{"headers":{"user-agent":"Mozilla/55.0 (Windows NT 10.0; Win64; x64) AppleWebKit/537.36 (KHTML, like Gecko) Chrome/129.0.6668.101 Safari/537.36"},"id":28},"connectStatusInfo":{"connectStatus":"NEW","errorHeartBeat":0,"heartBeat":0,"restart":0},"name":"tutzinyilber@gmail.com","params":{"ethAddress":"0x673d3c80a8911DC71914392a20C9eC94637971d5","ecosapiens_register_info":"{\"amount_referred\":0,\"created_at\":\"2025-02-03_11-03-44\",\"priority\":488380,\"referral_link\":\"https://ecosapiens.xyz/pages/airdrop?ref_id=9CTPQZ6ZX\",\"referral_token\":\"9CTPQZ6ZX\",\"referred_by_signup_token\":null,\"referred_by_waiter_token\":null,\"removed_date\":null,\"uuid\":\"ec2b7987-93cf-4ac8-baa1-379c9573f57c\",\"verified\":false,\"waitlist_api_key\":\"I74N90\",\"waitlist_id\":24495}\n"},"proxy":{"address":{"address":"130.180.233.122","port":7693},"addressStr":"130.180.233.122:7693","host":"130.180.233.122","id":28,"password":"545n41b7z20x","port":7693,"proxyProtocal":"HTTP","proxyType":"STATIC","usable":true,"username":"hldjmuos"},"restHeaders":{},"rewordInfo":{},"simpleInfo":"28-账户[tutzinyilber@gmail.com]-代理[130.180.233.122:7693]","twitter":{"email":"noha1c2ynu@outlook.com","f2aToken":"SVTNVPDKUUCQFZZK","id":28,"password":"ZUmPSZxhGA0qeC","username":"fskxg12774145"},"usable":false,"wSHeaders":{}}