{"accountBaseInfo":{"browserEnvId":26,"email":"coyotitoraghav476@gmail.com","id":26,"password":"i)vhvd^G7*8Y!j","proxyId":26,"restHeaders":{},"signUp":true,"twitterId":26,"type":"google","wSHeaders":{}},"browserEnv":{"headers":{"user-agent":"Mozilla/55.0 (Windows NT 10.0; Win64; x64) AppleWebKit/537.36 (KHTML, like Gecko) Chrome/129.0.6668.70 Safari/537.36"},"id":26},"connectStatusInfo":{"connectStatus":"NEW","errorHeartBeat":0,"heartBeat":0,"restart":0},"name":"coyotitoraghav476@gmail.com","params":{"ethAddress":"0x7aBde46b9195930852595De31fde235F46A0B674","ecosapiens_register_info":"{\"amount_referred\":0,\"created_at\":\"2025-02-03_11-03-46\",\"priority\":414085,\"referral_link\":\"https://ecosapiens.xyz/pages/airdrop?ref_id=4PK0J20YD\",\"referral_token\":\"4PK0J20YD\",\"referred_by_signup_token\":null,\"referred_by_waiter_token\":null,\"removed_date\":null,\"uuid\":\"a13f7958-d5d9-4662-86eb-3ff3a7a0a7e5\",\"verified\":false,\"waitlist_api_key\":\"I74N90\",\"waitlist_id\":24495}\n"},"proxy":{"address":{"address":"192.46.200.190","port":5860},"addressStr":"192.46.200.190:5860","host":"192.46.200.190","id":26,"password":"545n41b7z20x","port":5860,"proxyProtocal":"HTTP","proxyType":"STATIC","usable":true,"username":"hldjmuos"},"restHeaders":{},"rewordInfo":{},"simpleInfo":"26-账户[coyotitoraghav476@gmail.com]-代理[192.46.200.190:5860]","twitter":{"email":"yhuvzz9p2up8@outlook.com","f2aToken":"UVSJVVCXPC5BOHGF","id":26,"password":"^ollTNp)wvgx^j","username":"zzqug36947649"},"usable":false,"wSHeaders":{}}