{"accountBaseInfo":{"browserEnvId":5,"email":"huseyinkrumrei167@gmail.com","id":5,"password":"LoU1k!&jLO63NC","proxyId":5,"restHeaders":{},"signUp":true,"twitterId":5,"type":"google","wSHeaders":{}},"browserEnv":{"headers":{"user-agent":"Mozilla/55.0 (Windows NT 10.0; Win64; x64) AppleWebKit/537.36 (KHTML, like Gecko) Chrome/130.0.6723.116 Safari/537.36"},"id":5},"connectStatusInfo":{"connectStatus":"NEW","errorHeartBeat":0,"heartBeat":0,"restart":0},"name":"huseyinkrumrei167@gmail.com","params":{"ethAddress":"0xB963ba989B5fF6853f17A5d7eE4064A3f558bDA5","ecosapiens_register_info":"{\"amount_referred\":0,\"created_at\":\"2025-02-03_11-03-43\",\"priority\":451866,\"referral_link\":\"https://ecosapiens.xyz/pages/airdrop?ref_id=D2O16BKT5\",\"referral_token\":\"D2O16BKT5\",\"referred_by_signup_token\":null,\"referred_by_waiter_token\":null,\"removed_date\":null,\"uuid\":\"9141e7da-ff59-4520-946f-4f4320381698\",\"verified\":false,\"waitlist_api_key\":\"I74N90\",\"waitlist_id\":24495}\n"},"proxy":{"address":{"address":"46.203.86.233","port":5733},"addressStr":"46.203.86.233:5733","host":"46.203.86.233","id":5,"password":"545n41b7z20x","port":5733,"proxyProtocal":"HTTP","proxyType":"STATIC","usable":true,"username":"hldjmuos"},"restHeaders":{},"rewordInfo":{},"simpleInfo":"5-账户[huseyinkrumrei167@gmail.com]-代理[46.203.86.233:5733]","twitter":{"email":"hikriwodemu@outlook.com","f2aToken":"2LFGFQEZ7NPCV2KQ","id":5,"password":"fT%1ar$^CVTKnP","username":"gnjag74165476"},"usable":false,"wSHeaders":{}}