{"accountBaseInfo":{"browserEnvId":2,"email":"deyllotvishesh940@gmail.com","id":2,"password":"%q3(b&mfObLibn","proxyId":2,"restHeaders":{},"signUp":true,"twitterId":2,"type":"google","wSHeaders":{}},"browserEnv":{"headers":{"user-agent":"Mozilla/55.0 (Windows NT 10.0; Win64; x64) AppleWebKit/537.36 (KHTML, like Gecko) Chrome/127.0.6533.119 Safari/537.36"},"id":2},"connectStatusInfo":{"connectStatus":"NEW","errorHeartBeat":0,"heartBeat":0,"restart":0},"name":"deyllotvishesh940@gmail.com","params":{"ethAddress":"0xb6f2A1775dF00ce60Aaecdd3BB522253a2783B4a","ecosapiens_register_info":"{\"amount_referred\":0,\"created_at\":\"2025-02-03_11-03-42\",\"priority\":431819,\"referral_link\":\"https://ecosapiens.xyz/pages/airdrop?ref_id=MLUPZEZ8Q\",\"referral_token\":\"MLUPZEZ8Q\",\"referred_by_signup_token\":null,\"referred_by_waiter_token\":null,\"removed_date\":null,\"uuid\":\"010021c3-49ce-4536-abfe-502bc864aa24\",\"verified\":false,\"waitlist_api_key\":\"I74N90\",\"waitlist_id\":24495}\n"},"proxy":{"address":{"address":"46.203.161.123","port":5620},"addressStr":"46.203.161.123:5620","host":"46.203.161.123","id":2,"password":"545n41b7z20x","port":5620,"proxyProtocal":"HTTP","proxyType":"STATIC","usable":true,"username":"hldjmuos"},"restHeaders":{},"rewordInfo":{},"simpleInfo":"2-账户[deyllotvishesh940@gmail.com]-代理[46.203.161.123:5620]","twitter":{"email":"ztphfugbtgs77@hotmail.com","f2aToken":"IONUSSK7PM2CHE33","id":2,"password":"WYnY(nsi*%*$P@","username":"xrtjr83712216"},"usable":false,"wSHeaders":{}}