{"accountBaseInfo":{"browserEnvId":31,"email":"julipzabedra@gmail.com","id":31,"password":"cPwEL(aF7cPy1^","proxyId":31,"restHeaders":{},"signUp":true,"twitterId":31,"type":"google","wSHeaders":{}},"browserEnv":{"headers":{"user-agent":"Mozilla/55.0 (Windows NT 10.0; Win64; x64) AppleWebKit/537.36 (KHTML, like Gecko) Chrome/130.0.6723.70 Safari/537.36"},"id":31},"connectStatusInfo":{"connectStatus":"NEW","errorHeartBeat":0,"heartBeat":0,"restart":0},"name":"julipzabedra@gmail.com","params":{"ethAddress":"0x5609EBA6321684A2b4F742742A7495b45b6157A7","ecosapiens_register_info":"{\"amount_referred\":0,\"created_at\":\"2025-02-03_11-03-45\",\"priority\":413179,\"referral_link\":\"https://ecosapiens.xyz/pages/airdrop?ref_id=PEZ8LCZAY\",\"referral_token\":\"PEZ8LCZAY\",\"referred_by_signup_token\":null,\"referred_by_waiter_token\":null,\"removed_date\":null,\"uuid\":\"bc4ee50d-6a08-421f-9e6a-dc0e2653a5d7\",\"verified\":false,\"waitlist_api_key\":\"I74N90\",\"waitlist_id\":24495}\n"},"proxy":{"address":{"address":"46.203.82.33","port":6033},"addressStr":"46.203.82.33:6033","host":"46.203.82.33","id":31,"password":"545n41b7z20x","port":6033,"proxyProtocal":"HTTP","proxyType":"STATIC","usable":true,"username":"hldjmuos"},"restHeaders":{},"rewordInfo":{},"simpleInfo":"31-账户[julipzabedra@gmail.com]-代理[46.203.82.33:6033]","twitter":{"email":"kominoledvi@hotmail.com","f2aToken":"CUWRSJ2U5F6KEIJG","id":31,"password":"jUj(8&f61&99@w","username":"ulsep89439382"},"usable":false,"wSHeaders":{}}