{"accountBaseInfo":{"browserEnvId":32,"email":"matallinbraham@gmail.com","id":32,"password":"t)u&qAMho2!uL^","proxyId":32,"restHeaders":{},"signUp":true,"twitterId":32,"type":"google","wSHeaders":{}},"browserEnv":{"headers":{"user-agent":"Mozilla/55.0 (Windows NT 10.0; Win64; x64) AppleWebKit/537.36 (KHTML, like Gecko) Chrome/129.0.6668.59 Safari/537.36"},"id":32},"connectStatusInfo":{"connectStatus":"NEW","errorHeartBeat":0,"heartBeat":0,"restart":0},"name":"matallinbraham@gmail.com","params":{"ethAddress":"0x03103BDa62C5775d7A06D20d192Be3DABCBc0F54","ecosapiens_register_info":"{\"amount_referred\":0,\"created_at\":\"2025-02-03_11-03-44\",\"priority\":439480,\"referral_link\":\"https://ecosapiens.xyz/pages/airdrop?ref_id=8AYVQBRSV\",\"referral_token\":\"8AYVQBRSV\",\"referred_by_signup_token\":null,\"referred_by_waiter_token\":null,\"removed_date\":null,\"uuid\":\"b9cdab98-a142-4e44-a513-2f7c4bd24e94\",\"verified\":false,\"waitlist_api_key\":\"I74N90\",\"waitlist_id\":24495}\n"},"proxy":{"address":{"address":"46.203.82.71","port":6071},"addressStr":"46.203.82.71:6071","host":"46.203.82.71","id":32,"password":"545n41b7z20x","port":6071,"proxyProtocal":"HTTP","proxyType":"STATIC","usable":true,"username":"hldjmuos"},"restHeaders":{},"rewordInfo":{},"simpleInfo":"32-账户[matallinbraham@gmail.com]-代理[46.203.82.71:6071]","twitter":{"email":"zq7oeocrj9zw@hotmail.com","f2aToken":"EDAOOD3G3S4TJCYL","id":32,"password":"6%qEbHB$dlRpLv","username":"mhcnq14578183"},"usable":false,"wSHeaders":{}}