{"accountBaseInfo":{"browserEnvId":4,"email":"saeidlajosnetunde@gmail.com","id":4,"password":"HWl1pq&KPfgL4$","proxyId":4,"restHeaders":{},"signUp":true,"twitterId":4,"type":"google","wSHeaders":{}},"browserEnv":{"headers":{"user-agent":"Mozilla/55.0 (Windows NT 10.0; Win64; x64) AppleWebKit/537.36 (KHTML, like Gecko) Chrome/130.0.6723.91 Safari/537.36"},"id":4},"connectStatusInfo":{"connectStatus":"NEW","errorHeartBeat":0,"heartBeat":0,"restart":0},"name":"saeidlajosnetunde@gmail.com","params":{"ethAddress":"0x9524FCAE2c8df69067D59245683fcbc894103242","ecosapiens_register_info":"{\"amount_referred\":0,\"created_at\":\"2025-02-03_11-03-44\",\"priority\":461542,\"referral_link\":\"https://ecosapiens.xyz/pages/airdrop?ref_id=TZQD3R5EB\",\"referral_token\":\"TZQD3R5EB\",\"referred_by_signup_token\":null,\"referred_by_waiter_token\":null,\"removed_date\":null,\"uuid\":\"22329544-2a1d-45a9-85d5-d65277b67f25\",\"verified\":false,\"waitlist_api_key\":\"I74N90\",\"waitlist_id\":24495}\n"},"proxy":{"address":{"address":"192.46.201.229","port":6743},"addressStr":"192.46.201.229:6743","host":"192.46.201.229","id":4,"password":"545n41b7z20x","port":6743,"proxyProtocal":"HTTP","proxyType":"STATIC","usable":true,"username":"hldjmuos"},"restHeaders":{},"rewordInfo":{},"simpleInfo":"4-账户[saeidlajosnetunde@gmail.com]-代理[192.46.201.229:6743]","twitter":{"email":"fod42opqu@outlook.com","f2aToken":"IYDJKSWSTWCDLVEQ","id":4,"password":"cvA2U3Bo9#fReA","username":"wqytr34335919"},"usable":false,"wSHeaders":{}}