{"accountBaseInfo":{"browserEnvId":42,"email":"silvialeticiatabordaunchalo603@gmail.com","id":42,"password":"FC(K$RrnLRxI$X","proxyId":42,"restHeaders":{},"signUp":true,"twitterId":42,"type":"google","wSHeaders":{}},"browserEnv":{"headers":{"user-agent":"Mozilla/55.0 (Windows NT 10.0; Win64; x64) AppleWebKit/537.36 (KHTML, like Gecko) Chrome/129.0.6668.58 Safari/537.36"},"id":42},"connectStatusInfo":{"connectStatus":"NEW","errorHeartBeat":0,"heartBeat":0,"restart":0},"name":"silvialeticiatabordaunchalo603@gmail.com","params":{"ethAddress":"0xB57Dce4aFF5eeEdA78111041d464de767a03C72d","ecosapiens_register_info":"{\"amount_referred\":0,\"created_at\":\"2025-02-03_11-03-42\",\"priority\":413346,\"referral_link\":\"https://ecosapiens.xyz/pages/airdrop?ref_id=YJNK4P0HP\",\"referral_token\":\"YJNK4P0HP\",\"referred_by_signup_token\":null,\"referred_by_waiter_token\":null,\"removed_date\":null,\"uuid\":\"74070c68-7579-40f5-93eb-450bb30f1ed5\",\"verified\":false,\"waitlist_api_key\":\"I74N90\",\"waitlist_id\":24495}\n"},"proxy":{"address":{"address":"46.203.137.111","port":6108},"addressStr":"46.203.137.111:6108","host":"46.203.137.111","id":42,"password":"545n41b7z20x","port":6108,"proxyProtocal":"HTTP","proxyType":"STATIC","usable":true,"username":"hldjmuos"},"restHeaders":{},"rewordInfo":{},"simpleInfo":"42-账户[silvialeticiatabordaunchalo603@gmail.com]-代理[46.203.137.111:6108]","twitter":{"email":"fvb5tojse06ie@hotmail.com","f2aToken":"3KCRX422IT732CV5","id":42,"password":"UxdY&3TM)o^Zvp","username":"anvyh14954762"},"usable":false,"wSHeaders":{}}