{"accountBaseInfo":{"browserEnvId":38,"email":"rubyghiath992@gmail.com","id":38,"password":"QajVRFqmPvB50C","proxyId":38,"restHeaders":{},"signUp":true,"twitterId":38,"type":"google","wSHeaders":{}},"browserEnv":{"headers":{"user-agent":"Mozilla/55.0 (Windows NT 10.0; Win64; x64) AppleWebKit/537.36 (KHTML, like Gecko) Chrome/129.0.6668.58 Safari/537.36"},"id":38},"connectStatusInfo":{"connectStatus":"NEW","errorHeartBeat":0,"heartBeat":0,"restart":0},"name":"rubyghiath992@gmail.com","params":{"ethAddress":"0x48ce696384F3F4bBAd10c49146Ac49f25d763b21","ecosapiens_register_info":"{\"amount_referred\":0,\"created_at\":\"2025-02-03_11-03-42\",\"priority\":457547,\"referral_link\":\"https://ecosapiens.xyz/pages/airdrop?ref_id=QKCZOQSPU\",\"referral_token\":\"QKCZOQSPU\",\"referred_by_signup_token\":null,\"referred_by_waiter_token\":null,\"removed_date\":null,\"uuid\":\"ce769aec-5057-4c5f-99bd-7734ceba7ef8\",\"verified\":false,\"waitlist_api_key\":\"I74N90\",\"waitlist_id\":24495}\n"},"proxy":{"address":{"address":"130.180.232.108","port":8546},"addressStr":"130.180.232.108:8546","host":"130.180.232.108","id":38,"password":"545n41b7z20x","port":8546,"proxyProtocal":"HTTP","proxyType":"STATIC","usable":true,"username":"hldjmuos"},"restHeaders":{},"rewordInfo":{},"simpleInfo":"38-账户[rubyghiath992@gmail.com]-代理[130.180.232.108:8546]","twitter":{"email":"fr4lhk7lo26k@outlook.com","f2aToken":"DXRNG6BON4VKDW5T","id":38,"password":"*s%@%(2R&CLKL1","username":"whbdq32569926"},"usable":false,"wSHeaders":{}}