{"accountBaseInfo":{"browserEnvId":23,"email":"dinnallrodman@gmail.com","id":23,"password":"!e##QkH3r)93zX","proxyId":23,"restHeaders":{},"signUp":true,"twitterId":23,"type":"google","wSHeaders":{}},"browserEnv":{"headers":{"user-agent":"Mozilla/55.0 (Windows NT 10.0; Win64; x64) AppleWebKit/537.36 (KHTML, like Gecko) Chrome/130.0.6723.92 Safari/537.36"},"id":23},"connectStatusInfo":{"connectStatus":"NEW","errorHeartBeat":0,"heartBeat":0,"restart":0},"name":"dinnallrodman@gmail.com","params":{"ethAddress":"0xe48a9f12f7C7B3103Ce47a1c3b673fbFaf1d65a7","ecosapiens_register_info":"{\"amount_referred\":0,\"created_at\":\"2025-02-03_11-03-42\",\"priority\":463814,\"referral_link\":\"https://ecosapiens.xyz/pages/airdrop?ref_id=VUVG0D6YM\",\"referral_token\":\"VUVG0D6YM\",\"referred_by_signup_token\":null,\"referred_by_waiter_token\":null,\"removed_date\":null,\"uuid\":\"69ebdbd1-3c14-4bdf-8a32-af8c88b0f7ed\",\"verified\":false,\"waitlist_api_key\":\"I74N90\",\"waitlist_id\":24495}\n"},"proxy":{"address":{"address":"46.203.29.186","port":6673},"addressStr":"46.203.29.186:6673","host":"46.203.29.186","id":23,"password":"545n41b7z20x","port":6673,"proxyProtocal":"HTTP","proxyType":"STATIC","usable":true,"username":"hldjmuos"},"restHeaders":{},"rewordInfo":{},"simpleInfo":"23-账户[dinnallrodman@gmail.com]-代理[46.203.29.186:6673]","twitter":{"email":"ueudup8o8orn@hotmail.com","f2aToken":"DKBFNP3A5YTXLBW4","id":23,"password":"UwdN!!O#^7BOHW","username":"kxexr66259358"},"usable":false,"wSHeaders":{}}