{"accountBaseInfo":{"browserEnvId":7,"email":"mimoyulisney@gmail.com","id":7,"password":"FmE#PFADk&@a&F","proxyId":7,"restHeaders":{},"signUp":true,"twitterId":7,"type":"google","wSHeaders":{}},"browserEnv":{"headers":{"user-agent":"Mozilla/55.0 (Windows NT 10.0; Win64; x64) AppleWebKit/537.36 (KHTML, like Gecko) Chrome/130.0.6723.58 Safari/537.36"},"id":7},"connectStatusInfo":{"connectStatus":"NEW","errorHeartBeat":0,"heartBeat":0,"restart":0},"name":"mimoyulisney@gmail.com","params":{"ethAddress":"0x7ca482a83694ebd9195431daD797e7ff8561a872","ecosapiens_register_info":"{\"amount_referred\":0,\"created_at\":\"2025-02-03_11-03-45\",\"priority\":436193,\"referral_link\":\"https://ecosapiens.xyz/pages/airdrop?ref_id=DYGAF0U3J\",\"referral_token\":\"DYGAF0U3J\",\"referred_by_signup_token\":null,\"referred_by_waiter_token\":null,\"removed_date\":null,\"uuid\":\"e9addb3d-efde-4367-b02a-bb84ca2fda5d\",\"verified\":false,\"waitlist_api_key\":\"I74N90\",\"waitlist_id\":24495}\n"},"proxy":{"address":{"address":"46.203.86.233","port":5733},"addressStr":"46.203.86.233:5733","host":"46.203.86.233","id":7,"password":"545n41b7z20x","port":5733,"proxyProtocal":"HTTP","proxyType":"STATIC","usable":true,"username":"hldjmuos"},"restHeaders":{},"rewordInfo":{},"simpleInfo":"7-账户[mimoyulisney@gmail.com]-代理[46.203.86.233:5733]","twitter":{"email":"hz8z2t27l@outlook.com","f2aToken":"FUT7L2RUG7QVFB2Q","id":7,"password":"n!i*4wV@rdTfG6","username":"fajet78759845"},"usable":false,"wSHeaders":{}}