{"accountBaseInfo":{"browserEnvId":12,"email":"siarlalic@gmail.com","id":12,"password":"6Kb^q!(i@l27zA","proxyId":12,"restHeaders":{},"signUp":true,"twitterId":12,"type":"google","wSHeaders":{}},"browserEnv":{"headers":{"user-agent":"Mozilla/55.0 (Windows NT 10.0; Win64; x64) AppleWebKit/537.36 (KHTML, like Gecko) Chrome/130.0.6723.70 Safari/537.36"},"id":12},"connectStatusInfo":{"connectStatus":"NEW","errorHeartBeat":0,"heartBeat":0,"restart":0},"name":"siarlalic@gmail.com","params":{"ethAddress":"0xC9c0917a76Ba259980cFF190AB41d3ae7db8157B","ecosapiens_register_info":"{\"amount_referred\":0,\"created_at\":\"2025-02-03_11-03-44\",\"priority\":445417,\"referral_link\":\"https://ecosapiens.xyz/pages/airdrop?ref_id=BPDA4C5PQ\",\"referral_token\":\"BPDA4C5PQ\",\"referred_by_signup_token\":null,\"referred_by_waiter_token\":null,\"removed_date\":null,\"uuid\":\"ea413b6b-a585-4253-bb9c-64bc437f8c5f\",\"verified\":false,\"waitlist_api_key\":\"I74N90\",\"waitlist_id\":24495}\n"},"proxy":{"address":{"address":"46.203.47.132","port":5631},"addressStr":"46.203.47.132:5631","host":"46.203.47.132","id":12,"password":"545n41b7z20x","port":5631,"proxyProtocal":"HTTP","proxyType":"STATIC","usable":true,"username":"hldjmuos"},"restHeaders":{},"rewordInfo":{},"simpleInfo":"12-账户[siarlalic@gmail.com]-代理[46.203.47.132:5631]","twitter":{"email":"fuz5x04ly@outlook.com","f2aToken":"ZDZDVJVBQTPK4JOD","id":12,"password":"yQ&kQ*P&5M@ISp","username":"fskmn63733285"},"usable":false,"wSHeaders":{}}