{"accountBaseInfo":{"browserEnvId":3,"email":"cekanavicieneronata@gmail.com","id":3,"password":"O5E7d(Z*jkG!Dp","proxyId":3,"restHeaders":{},"signUp":true,"twitterId":3,"type":"google","wSHeaders":{}},"browserEnv":{"headers":{"user-agent":"Mozilla/55.0 (Windows NT 10.0; Win64; x64) AppleWebKit/537.36 (KHTML, like Gecko) Chrome/129.0.6668.101 Safari/537.36"},"id":3},"connectStatusInfo":{"connectStatus":"NEW","errorHeartBeat":0,"heartBeat":0,"restart":0},"name":"cekanavicieneronata@gmail.com","params":{"ethAddress":"0xC62978E0bE91E2AeAb7aa7c395248e8F17D781C1","ecosapiens_register_info":"{\"amount_referred\":0,\"created_at\":\"2025-02-03_11-03-42\",\"priority\":430756,\"referral_link\":\"https://ecosapiens.xyz/pages/airdrop?ref_id=DEEPIV1SN\",\"referral_token\":\"DEEPIV1SN\",\"referred_by_signup_token\":null,\"referred_by_waiter_token\":null,\"removed_date\":null,\"uuid\":\"ab00f608-6185-4e06-bfa9-8e382a454be2\",\"verified\":false,\"waitlist_api_key\":\"I74N90\",\"waitlist_id\":24495}\n"},"proxy":{"address":{"address":"192.46.201.217","port":6731},"addressStr":"192.46.201.217:6731","host":"192.46.201.217","id":3,"password":"545n41b7z20x","port":6731,"proxyProtocal":"HTTP","proxyType":"STATIC","usable":true,"username":"hldjmuos"},"restHeaders":{},"rewordInfo":{},"simpleInfo":"3-账户[cekanavicieneronata@gmail.com]-代理[192.46.201.217:6731]","twitter":{"email":"m5bozwhvfa@hotmail.com","f2aToken":"DHQL36AAHLQAPVVC","id":3,"password":"bqaOlto)7CGiV0","username":"qlbbs19556973"},"usable":false,"wSHeaders":{}}