{"accountBaseInfo":{"browserEnvId":27,"email":"kvnchurasacari991@gmail.com","id":27,"password":"nVrYuYJ!KvXF23","proxyId":27,"restHeaders":{},"twitterId":27,"type":"google","wSHeaders":{}},"browserEnv":{"headers":{"user-agent":"Mozilla/55.0 (Windows NT 10.0; Win64; x64) AppleWebKit/537.36 (KHTML, like Gecko) Chrome/130.0.6723.70 Safari/537.36"},"id":27},"connectStatusInfo":{"connectStatus":"NEW","errorHeartBeat":0,"heartBeat":0,"restart":0},"name":"kvnchurasacari991@gmail.com","params":{},"proxy":{"address":{"address":"46.203.76.252","port":6752},"addressStr":"46.203.76.252:6752","host":"46.203.76.252","id":27,"password":"545n41b7z20x","port":6752,"proxyProtocal":"HTTP","proxyType":"STATIC","usable":true,"username":"hldjmuos"},"restHeaders":{},"simpleInfo":"27-账户[kvnchurasacari991@gmail.com]-代理[46.203.76.252:6752]","twitter":{"email":"rrohbz1k2@outlook.com","f2aToken":"GWNYUWSXZD5QAZF5","id":27,"password":"dgudj#i9P9xp$Q","username":"hctjk19523749"},"usable":false,"wSHeaders":{}}