{"accountBaseInfo":{"browserEnvId":21,"email":"bodnersheriff@gmail.com","id":21,"password":"wDp1)sNX&&Xpl#","proxyId":21,"restHeaders":{},"twitterId":21,"type":"google","wSHeaders":{}},"browserEnv":{"headers":{"user-agent":"Mozilla/55.0 (Windows NT 10.0; Win64; x64) AppleWebKit/537.36 (KHTML, like Gecko) Chrome/129.0.6668.59 Safari/537.36"},"id":21},"connectStatusInfo":{"connectStatus":"NEW","errorHeartBeat":0,"heartBeat":0,"restart":0},"name":"bodnersheriff@gmail.com","params":{},"proxy":{"address":{"address":"46.203.82.70","port":6070},"addressStr":"46.203.82.70:6070","host":"46.203.82.70","id":21,"password":"545n41b7z20x","port":6070,"proxyProtocal":"HTTP","proxyType":"STATIC","usable":true,"username":"hldjmuos"},"restHeaders":{},"simpleInfo":"21-账户[bodnersheriff@gmail.com]-代理[46.203.82.70:6070]","twitter":{"email":"szr6t5frv8f@outlook.com","f2aToken":"YTUJA22FMS3NJWTC","id":21,"password":"6cF7NzobxKm4M9","username":"iigcg53483988"},"usable":false,"wSHeaders":{}}