{"accountBaseInfo":{"browserEnvId":24,"email":"romisada35@gmail.com","id":24,"password":"Z@onC8&*rEneW!","proxyId":24,"restHeaders":{},"twitterId":24,"type":"google","wSHeaders":{}},"browserEnv":{"headers":{"user-agent":"Mozilla/55.0 (Windows NT 10.0; Win64; x64) AppleWebKit/537.36 (KHTML, like Gecko) Chrome/130.0.6723.92 Safari/537.36"},"id":24},"connectStatusInfo":{"connectStatus":"NEW","errorHeartBeat":0,"heartBeat":0,"restart":0},"name":"romisada35@gmail.com","params":{},"proxy":{"address":{"address":"46.203.15.34","port":7035},"addressStr":"46.203.15.34:7035","host":"46.203.15.34","id":24,"password":"545n41b7z20x","port":7035,"proxyProtocal":"HTTP","proxyType":"STATIC","usable":true,"username":"hldjmuos"},"restHeaders":{},"simpleInfo":"24-账户[romisada35@gmail.com]-代理[46.203.15.34:7035]","twitter":{"email":"z1bce0eklq@hotmail.com","f2aToken":"3X6DPGQMUDVIOHLR","id":24,"password":"%po9NzDbaf@@YT","username":"isqwk56171547"},"usable":false,"wSHeaders":{}}