{"accountBaseInfo":{"browserEnvId":7,"email":"mimoyulisney@gmail.com","id":7,"password":"FmE#PFADk&@a&F","proxyId":7,"restHeaders":{},"twitterId":7,"type":"google","wSHeaders":{}},"browserEnv":{"headers":{"user-agent":"Mozilla/55.0 (Windows NT 10.0; Win64; x64) AppleWebKit/537.36 (KHTML, like Gecko) Chrome/130.0.6723.58 Safari/537.36"},"id":7},"connectStatusInfo":{"connectStatus":"NEW","errorHeartBeat":0,"heartBeat":0,"restart":0},"name":"mimoyulisney@gmail.com","params":{},"proxy":{"address":{"address":"46.203.86.233","port":5733},"addressStr":"46.203.86.233:5733","host":"46.203.86.233","id":7,"password":"545n41b7z20x","port":5733,"proxyProtocal":"HTTP","proxyType":"STATIC","usable":true,"username":"hldjmuos"},"restHeaders":{},"simpleInfo":"7-账户[mimoyulisney@gmail.com]-代理[46.203.86.233:5733]","twitter":{"email":"hz8z2t27l@outlook.com","f2aToken":"FUT7L2RUG7QVFB2Q","id":7,"password":"n!i*4wV@rdTfG6","username":"fajet78759845"},"usable":false,"wSHeaders":{}}