{"accountBaseInfo":{"browserEnvId":37,"email":"graciallstar@gmail.com","id":37,"password":"RosIAO7j&AVZgQ","proxyId":37,"restHeaders":{},"twitterId":37,"type":"google","wSHeaders":{}},"browserEnv":{"headers":{"user-agent":"Mozilla/55.0 (Windows NT 10.0; Win64; x64) AppleWebKit/537.36 (KHTML, like Gecko) Chrome/130.0.6723.59 Safari/537.36"},"id":37},"connectStatusInfo":{"connectStatus":"NEW","errorHeartBeat":0,"heartBeat":0,"restart":0},"name":"graciallstar@gmail.com","params":{},"proxy":{"address":{"address":"46.203.15.63","port":7064},"addressStr":"46.203.15.63:7064","host":"46.203.15.63","id":37,"password":"545n41b7z20x","port":7064,"proxyProtocal":"HTTP","proxyType":"STATIC","usable":true,"username":"hldjmuos"},"restHeaders":{},"simpleInfo":"37-账户[graciallstar@gmail.com]-代理[46.203.15.63:7064]","twitter":{"email":"j2osfio87@hotmail.com","f2aToken":"RJ3EUEJ65PTOINX3","id":37,"password":"hss8nm*Eq51LdV","username":"yvckp75959852"},"usable":false,"wSHeaders":{}}