{"browserEnv":{"headers":{"user-agent":"Mozilla/55.0 (Windows NT 10.0; Win64; x64) AppleWebKit/537.36 (KHTML, like Gecko) Chrome/130.0.6723.117 Safari/537.36"},"id":41},"clientAccount":{"browserEnvId":41,"email":"yosiefabatte@gmail.com","id":41,"name":"yosiefabatte","password":"(0*z7pnM3R3)Ju","proxyId":41,"restHeaders":{},"twitterId":41,"wSHeaders":{}},"connectStatusInfo":{"connectStatus":"NEW","errorHeartBeat":0,"heartBeat":0,"restart":0},"name":"yosiefabatte","params":{"token":"ce79c25b7a560cc70ac68a40d2169b84d6352e7b0ff6df5d4a423ddb7a5019a1"},"proxy":{"address":{"address":"46.203.82.156","port":6156},"addressStr":"46.203.82.156:6156","host":"46.203.82.156","id":41,"password":"545n41b7z20x","port":6156,"proxyType":"HTTP","username":"hldjmuos"},"restHeaders":{},"twitter":{"email":"hessnboder36@outlook.com","f2aToken":"LAJE3VKNIUC2AU5H","id":41,"password":"Gym9@BFkSPTVIG","username":"dzadq13878124"},"usable":false,"wSHeaders":{}}