{"browserEnv":{"headers":{"user-agent":"Mozilla/55.0 (Windows NT 10.0; Win64; x64) AppleWebKit/537.36 (KHTML, like Gecko) Chrome/129.0.6668.59 Safari/537.36"},"id":32},"clientAccount":{"browserEnvId":32,"email":"matallinbraham@gmail.com","id":32,"name":"matallinbraham","password":"t)u&qAMho2!uL^","proxyId":32,"restHeaders":{},"twitterId":32,"wSHeaders":{}},"connectStatusInfo":{"connectStatus":"NEW","errorHeartBeat":0,"heartBeat":0,"restart":0},"name":"matallinbraham","params":{"token":"6b08f55c9b09ce5d4fc51234c1ed7a289a6d0d173a54e59c8165cd040e9b7f12"},"proxy":{"address":{"address":"46.203.82.71","port":6071},"addressStr":"46.203.82.71:6071","host":"46.203.82.71","id":32,"password":"545n41b7z20x","port":6071,"proxyType":"HTTP","username":"hldjmuos"},"restHeaders":{},"twitter":{"email":"zq7oeocrj9zw@hotmail.com","f2aToken":"EDAOOD3G3S4TJCYL","id":32,"password":"6%qEbHB$dlRpLv","username":"mhcnq14578183"},"usable":false,"wSHeaders":{}}