{"browserEnv":{"headers":{"user-agent":"Mozilla/55.0 (Windows NT 10.0; Win64; x64) AppleWebKit/537.36 (KHTML, like Gecko) Chrome/130.0.6723.70 Safari/537.36"},"id":31},"clientAccount":{"browserEnvId":31,"email":"julipzabedra@gmail.com","id":31,"name":"julipzabedra","password":"cPwEL(aF7cPy1^","proxyId":31,"restHeaders":{},"twitterId":31,"wSHeaders":{}},"connectStatusInfo":{"connectStatus":"NEW","errorHeartBeat":0,"heartBeat":0,"restart":0},"name":"julipzabedra","params":{"token":"3812f418584eaa2d8df9719618a23a97f361c84e20b1cf448a9839bec57a5821"},"proxy":{"address":{"address":"46.203.82.33","port":6033},"addressStr":"46.203.82.33:6033","host":"46.203.82.33","id":31,"password":"545n41b7z20x","port":6033,"proxyType":"HTTP","username":"hldjmuos"},"restHeaders":{},"twitter":{"email":"kominoledvi@hotmail.com","f2aToken":"CUWRSJ2U5F6KEIJG","id":31,"password":"jUj(8&f61&99@w","username":"ulsep89439382"},"usable":false,"wSHeaders":{}}