{"browserEnv":{"headers":{"user-agent":"Mozilla/55.0 (Windows NT 10.0; Win64; x64) AppleWebKit/537.36 (KHTML, like Gecko) Chrome/130.0.6723.117 Safari/537.36"},"id":35},"clientAccount":{"browserEnvId":35,"email":"vergaviajes513@gmail.com","id":35,"name":"vergaviajes513","password":"w%cvFnxs5H92rz","proxyId":35,"restHeaders":{},"twitterId":35,"wSHeaders":{}},"connectStatusInfo":{"connectStatus":"NEW","errorHeartBeat":0,"heartBeat":0,"restart":0},"name":"vergaviajes513","params":{"token":"8a9c51ea517d5c632780b233c05e98f750f81331e38e36b300728d3055306c44"},"proxy":{"address":{"address":"130.180.231.213","port":8355},"addressStr":"130.180.231.213:8355","host":"130.180.231.213","id":35,"password":"545n41b7z20x","port":8355,"proxyType":"HTTP","username":"hldjmuos"},"restHeaders":{},"twitter":{"email":"em7fb4fevhu9@hotmail.com","f2aToken":"5JFGBAGP54HTY3PC","id":35,"password":"IYO30@E9qKL$Aa","username":"timar15667217"},"usable":false,"wSHeaders":{}}