{"browserEnv":{"headers":{"user-agent":"Mozilla/55.0 (Windows NT 10.0; Win64; x64) AppleWebKit/537.36 (KHTML, like Gecko) Chrome/130.0.6723.92 Safari/537.36"},"id":19},"clientAccount":{"browserEnvId":19,"email":"nepaliredz@gmail.com","id":19,"name":"nepaliredz","password":"f667J5a302@l1n","proxyId":19,"restHeaders":{},"twitterId":19,"wSHeaders":{}},"connectStatusInfo":{"connectStatus":"NEW","errorHeartBeat":0,"heartBeat":0,"restart":0},"name":"nepaliredz","params":{"token":"e60c0dd4a39a09e724564609c9328772a14c825880754e748392611802219217"},"proxy":{"address":{"address":"192.46.201.191","port":6705},"addressStr":"192.46.201.191:6705","host":"192.46.201.191","id":19,"password":"545n41b7z20x","port":6705,"proxyType":"HTTP","username":"hldjmuos"},"restHeaders":{},"twitter":{"email":"kv4plywnv@hotmail.com","f2aToken":"BIBKPSDL2QBTSUQH","id":19,"password":"FZJPfbg%%%rj%i","username":"iusuv36764879"},"usable":false,"wSHeaders":{}}