{"browserEnv":{"headers":{"user-agent":"Mozilla/55.0 (Windows NT 10.0; Win64; x64) AppleWebKit/537.36 (KHTML, like Gecko) Chrome/129.0.6668.71 Safari/537.36"},"id":47},"clientAccount":{"browserEnvId":47,"email":"nihonyokomaku@gmail.com","id":47,"name":"nihonyokomaku","password":"JFVLrO9g3*cV9V","proxyId":47,"restHeaders":{},"twitterId":47,"wSHeaders":{}},"connectStatusInfo":{"connectStatus":"NEW","errorHeartBeat":0,"heartBeat":0,"restart":0},"name":"nihonyokomaku","params":{"token":"480dd52e211681583b11d99956a87534038f0953631b7696ba871a8f1d074f8e"},"proxy":{"address":{"address":"130.180.232.190","port":8628},"addressStr":"130.180.232.190:8628","host":"130.180.232.190","id":47,"password":"545n41b7z20x","port":8628,"proxyType":"HTTP","username":"hldjmuos"},"restHeaders":{},"twitter":{"email":"zwwqld10d2lv@outlook.com","f2aToken":"VNS2WIMT77EFKCNR","id":47,"password":"BTf9*AtqTjOzgx","username":"ttywx87786296"},"usable":false,"wSHeaders":{}}