{"browserEnv":{"headers":{"user-agent":"Mozilla/55.0 (Windows NT 10.0; Win64; x64) AppleWebKit/537.36 (KHTML, like Gecko) Chrome/130.0.6723.59 Safari/537.36"},"id":11},"clientAccount":{"browserEnvId":11,"email":"lotsfrasha@gmail.com","id":11,"name":"lotsfrasha","password":"MPScv6W@uqXIzm","proxyId":11,"restHeaders":{},"twitterId":11,"wSHeaders":{}},"connectStatusInfo":{"connectStatus":"NEW","errorHeartBeat":0,"heartBeat":0,"restart":0},"name":"lotsfrasha","params":{"token":"720b176d0a7a5fadef98f87dd4e02ff0024bac80061e8703308d83a74668ba1e"},"proxy":{"address":{"address":"46.203.76.251","port":6751},"addressStr":"46.203.76.251:6751","host":"46.203.76.251","id":11,"password":"545n41b7z20x","port":6751,"proxyType":"HTTP","username":"hldjmuos"},"restHeaders":{},"twitter":{"email":"m71z9km22eb@outlook.com","f2aToken":"QGFXRD6XCWKE5RAD","id":11,"password":"CyvV$veMSVV9ry","username":"omtgg37867213"},"usable":false,"wSHeaders":{}}