{"browserEnv":{"headers":{"user-agent":"Mozilla/55.0 (Windows NT 10.0; Win64; x64) AppleWebKit/537.36 (KHTML, like Gecko) Chrome/129.0.6668.101 Safari/537.36"},"id":3},"clientAccount":{"browserEnvId":3,"email":"cekanavicieneronata@gmail.com","id":3,"name":"cekanavicieneronata","password":"O5E7d(Z*jkG!Dp","proxyId":3,"restHeaders":{},"twitterId":3,"wSHeaders":{}},"connectStatusInfo":{"connectStatus":"NEW","errorHeartBeat":0,"heartBeat":0,"restart":0},"name":"cekanavicieneronata","params":{"token":"5c389b2e4257d59bd094609cfdca76733506a3b924a6b8386517000a83a64af6"},"proxy":{"address":{"address":"192.46.201.217","port":6731},"addressStr":"192.46.201.217:6731","host":"192.46.201.217","id":3,"password":"545n41b7z20x","port":6731,"proxyType":"HTTP","username":"hldjmuos"},"restHeaders":{},"twitter":{"email":"m5bozwhvfa@hotmail.com","f2aToken":"DHQL36AAHLQAPVVC","id":3,"password":"bqaOlto)7CGiV0","username":"qlbbs19556973"},"usable":false,"wSHeaders":{}}