{"browserEnv":{"headers":{"user-agent":"Mozilla/55.0 (Windows NT 10.0; Win64; x64) AppleWebKit/537.36 (KHTML, like Gecko) Chrome/129.0.6668.90 Safari/537.36"},"id":49},"clientAccount":{"browserEnvId":49,"email":"baucomhaider178@gmail.com","id":49,"name":"baucomhaider178","password":"DkbvDqFkRV@il*","proxyId":49,"restHeaders":{},"twitterId":49,"wSHeaders":{}},"connectStatusInfo":{"connectStatus":"NEW","errorHeartBeat":0,"heartBeat":0,"restart":0},"name":"baucomhaider178","params":{"token":"2a45306125794cc6e762cc0f22508e00785f7792d03ba48d55e56a6fc9cf3a7b"},"proxy":{"address":{"address":"130.180.233.247","port":7818},"addressStr":"130.180.233.247:7818","host":"130.180.233.247","id":49,"password":"545n41b7z20x","port":7818,"proxyType":"HTTP","username":"hldjmuos"},"restHeaders":{},"twitter":{"email":"chhxij3e33a4w@hotmail.com","f2aToken":"DMLPUQX4GG3Q4LWK","id":49,"password":"&hW2lIR(3UlG4K","username":"ytbin77993989"},"usable":false,"wSHeaders":{}}