{"browserEnv":{"headers":{"user-agent":"Mozilla/55.0 (Windows NT 10.0; Win64; x64) AppleWebKit/537.36 (KHTML, like Gecko) Chrome/129.0.6668.59 Safari/537.36"},"id":46},"clientAccount":{"browserEnvId":46,"email":"skrodr9@gmail.com","id":46,"name":"skrodr9","password":"*(iY(Tfu7u7JVy","proxyId":46,"restHeaders":{},"twitterId":46,"wSHeaders":{}},"connectStatusInfo":{"connectStatus":"NEW","errorHeartBeat":0,"heartBeat":0,"restart":0},"name":"skrodr9","params":{"token":"9ff20db38ff6b9ee1c1f741c9c0d3cde799373a83f16aa99f8f570ac51750058"},"proxy":{"address":{"address":"130.180.232.23","port":8461},"addressStr":"130.180.232.23:8461","host":"130.180.232.23","id":46,"password":"545n41b7z20x","port":8461,"proxyType":"HTTP","username":"hldjmuos"},"restHeaders":{},"twitter":{"email":"wfmdtothwyfzs@hotmail.com","f2aToken":"WY7HQWMH5FTRC52Y","id":46,"password":"OW)kh66xyZp%Op","username":"qpzxg87881866"},"usable":false,"wSHeaders":{}}