{"browserEnv":{"headers":{"user-agent":"Mozilla/55.0 (Windows NT 10.0; Win64; x64) AppleWebKit/537.36 (KHTML, like Gecko) Chrome/129.0.6668.58 Safari/537.36"},"id":42},"clientAccount":{"browserEnvId":42,"email":"silvialeticiatabordaunchalo603@gmail.com","id":42,"name":"silvialeticiatabordaunchalo603","password":"FC(K$RrnLRxI$X","proxyId":42,"restHeaders":{},"twitterId":42,"wSHeaders":{}},"connectStatusInfo":{"connectStatus":"NEW","errorHeartBeat":0,"heartBeat":0,"restart":0},"name":"silvialeticiatabordaunchalo603","params":{"token":"b5f0d74eafe244f264ef19ed5bc06b4d595a6afe5b1018d58d930c41e3f450a9"},"proxy":{"address":{"address":"46.203.137.111","port":6108},"addressStr":"46.203.137.111:6108","host":"46.203.137.111","id":42,"password":"545n41b7z20x","port":6108,"proxyType":"HTTP","username":"hldjmuos"},"restHeaders":{},"twitter":{"email":"fvb5tojse06ie@hotmail.com","f2aToken":"3KCRX422IT732CV5","id":42,"password":"UxdY&3TM)o^Zvp","username":"anvyh14954762"},"usable":false,"wSHeaders":{}}