{"browserEnv":{"headers":{"user-agent":"Mozilla/55.0 (Windows NT 10.0; Win64; x64) AppleWebKit/537.36 (KHTML, like Gecko) Chrome/130.0.6723.59 Safari/537.36"},"id":37},"clientAccount":{"browserEnvId":37,"email":"graciallstar@gmail.com","id":37,"name":"graciallstar","password":"RosIAO7j&AVZgQ","proxyId":37,"restHeaders":{},"twitterId":37,"wSHeaders":{}},"connectStatusInfo":{"connectStatus":"NEW","errorHeartBeat":0,"heartBeat":0,"restart":0},"name":"graciallstar","params":{"token":"99bc0d6c41969416350b3599e5f515dbc5c82c95f065ee2d55cebd1c8ed6998b"},"proxy":{"address":{"address":"46.203.15.63","port":7064},"addressStr":"46.203.15.63:7064","host":"46.203.15.63","id":37,"password":"545n41b7z20x","port":7064,"proxyType":"HTTP","username":"hldjmuos"},"restHeaders":{},"twitter":{"email":"j2osfio87@hotmail.com","f2aToken":"RJ3EUEJ65PTOINX3","id":37,"password":"hss8nm*Eq51LdV","username":"yvckp75959852"},"usable":false,"wSHeaders":{}}