{"browserEnv":{"headers":{"user-agent":"Mozilla/55.0 (Windows NT 10.0; Win64; x64) AppleWebKit/537.36 (KHTML, like Gecko) Chrome/130.0.6723.116 Safari/537.36"},"id":5},"clientAccount":{"browserEnvId":5,"email":"huseyinkrumrei167@gmail.com","id":5,"name":"huseyinkrumrei167","password":"LoU1k!&jLO63NC","proxyId":5,"restHeaders":{},"twitterId":5,"wSHeaders":{}},"connectStatusInfo":{"connectStatus":"NEW","errorHeartBeat":0,"heartBeat":0,"restart":0},"name":"huseyinkrumrei167","params":{"token":"50dc134e7e238924a0c5b9dcabc315b2f449fa9c1348cdce9ff70a2c5f3c538c"},"proxy":{"address":{"address":"46.203.86.233","port":5733},"addressStr":"46.203.86.233:5733","host":"46.203.86.233","id":5,"password":"545n41b7z20x","port":5733,"proxyType":"HTTP","username":"hldjmuos"},"restHeaders":{},"twitter":{"email":"hikriwodemu@outlook.com","f2aToken":"2LFGFQEZ7NPCV2KQ","id":5,"password":"fT%1ar$^CVTKnP","username":"gnjag74165476"},"usable":false,"wSHeaders":{}}