{"browserEnv":{"headers":{"user-agent":"Mozilla/55.0 (Windows NT 10.0; Win64; x64) AppleWebKit/537.36 (KHTML, like Gecko) Chrome/130.0.6723.92 Safari/537.36"},"id":24},"clientAccount":{"browserEnvId":24,"email":"romisada35@gmail.com","id":24,"name":"romisada35","password":"Z@onC8&*rEneW!","proxyId":24,"restHeaders":{},"twitterId":24,"wSHeaders":{}},"connectStatusInfo":{"connectStatus":"NEW","errorHeartBeat":0,"heartBeat":0,"restart":0},"name":"romisada35","params":{"token":"a52ebf42248f8a9ccff09c1ff6ba9c0bde649ba75bd880aa001b038302214a68"},"proxy":{"address":{"address":"46.203.15.34","port":7035},"addressStr":"46.203.15.34:7035","host":"46.203.15.34","id":24,"password":"545n41b7z20x","port":7035,"proxyType":"HTTP","username":"hldjmuos"},"restHeaders":{},"twitter":{"email":"z1bce0eklq@hotmail.com","f2aToken":"3X6DPGQMUDVIOHLR","id":24,"password":"%po9NzDbaf@@YT","username":"isqwk56171547"},"usable":false,"wSHeaders":{}}