{"browserEnv":{"headers":{"user-agent":"Mozilla/55.0 (Windows NT 10.0; Win64; x64) AppleWebKit/537.36 (KHTML, like Gecko) Chrome/129.0.6668.59 Safari/537.36"},"id":21},"clientAccount":{"browserEnvId":21,"email":"bodnersheriff@gmail.com","id":21,"name":"bodnersheriff","password":"wDp1)sNX&&Xpl#","proxyId":21,"restHeaders":{},"twitterId":21,"wSHeaders":{}},"connectStatusInfo":{"connectStatus":"NEW","errorHeartBeat":0,"heartBeat":0,"restart":0},"name":"bodnersheriff","params":{"token":"e35d67c7e94e5c2a1ff02d73a454689e87c6aea73893a4f8e7c67146c2bd4fd2"},"proxy":{"address":{"address":"46.203.82.70","port":6070},"addressStr":"46.203.82.70:6070","host":"46.203.82.70","id":21,"password":"545n41b7z20x","port":6070,"proxyType":"HTTP","username":"hldjmuos"},"restHeaders":{},"twitter":{"email":"szr6t5frv8f@outlook.com","f2aToken":"YTUJA22FMS3NJWTC","id":21,"password":"6cF7NzobxKm4M9","username":"iigcg53483988"},"usable":false,"wSHeaders":{}}