{"browserEnv":{"headers":{"user-agent":"Mozilla/55.0 (Windows NT 10.0; Win64; x64) AppleWebKit/537.36 (KHTML, like Gecko) Chrome/130.0.6723.59 Safari/537.36"},"id":10},"clientAccount":{"browserEnvId":10,"email":"machisayil646@gmail.com","id":10,"name":"machisayil646","password":"X#CUc)oxOeX1o^","proxyId":10,"restHeaders":{},"twitterId":10,"wSHeaders":{}},"connectStatusInfo":{"connectStatus":"NEW","errorHeartBeat":0,"heartBeat":0,"restart":0},"name":"machisayil646","params":{"token":"7dfd3f865417d17a4a6b0efd986817c06b21f3a5fbd879225b2146036ce2e12b"},"proxy":{"address":{"address":"46.203.15.221","port":7222},"addressStr":"46.203.15.221:7222","host":"46.203.15.221","id":10,"password":"545n41b7z20x","port":7222,"proxyType":"HTTP","username":"hldjmuos"},"restHeaders":{},"twitter":{"email":"vwkyj30nmc1v@hotmail.com","f2aToken":"N2RDXI5S32M32JGI","id":10,"password":"vM(UM69EZ0P9wu","username":"dlxli51797942"},"usable":false,"wSHeaders":{}}