{"browserEnv":{"headers":{"user-agent":"Mozilla/55.0 (Windows NT 10.0; Win64; x64) AppleWebKit/537.36 (KHTML, like Gecko) Chrome/130.0.6723.117 Safari/537.36"},"id":16},"clientAccount":{"browserEnvId":16,"email":"vidamiadiiaana@gmail.com","id":16,"name":"vidamiadiiaana","password":"dYGG15MN$KmxUp","proxyId":16,"restHeaders":{},"twitterId":16,"wSHeaders":{}},"connectStatusInfo":{"connectStatus":"NEW","errorHeartBeat":0,"heartBeat":0,"restart":0},"name":"vidamiadiiaana","params":{"token":"04be9b629a86536be706c1856043b5bc3518ec8d1e78e1c146e77776d164ebb8"},"proxy":{"address":{"address":"198.145.103.45","port":6302},"addressStr":"198.145.103.45:6302","host":"198.145.103.45","id":16,"password":"545n41b7z20x","port":6302,"proxyType":"HTTP","username":"hldjmuos"},"restHeaders":{},"twitter":{"email":"eel0jyuzw@hotmail.com","f2aToken":"BXMTR3PX3QV6KK2G","id":16,"password":"JNRwB6g2LT6mK4","username":"udcgj72173895"},"usable":false,"wSHeaders":{}}