{"browserEnv":{"headers":{"user-agent":"Mozilla/55.0 (Windows NT 10.0; Win64; x64) AppleWebKit/537.36 (KHTML, like Gecko) Chrome/130.0.6723.92 Safari/537.36"},"id":13},"clientAccount":{"browserEnvId":13,"email":"puentesjacintaabelhas431@gmail.com","id":13,"name":"puentesjacintaabelhas431","password":"%PS8J30q1gUkd8","proxyId":13,"restHeaders":{},"twitterId":13,"wSHeaders":{}},"connectStatusInfo":{"connectStatus":"NEW","errorHeartBeat":0,"heartBeat":0,"restart":0},"name":"puentesjacintaabelhas431","params":{"token":"1c74efc49a449a461451b8e7ce9ad96315b2e4620ef99491985ee893e49f38bc"},"proxy":{"address":{"address":"192.46.203.16","port":5982},"addressStr":"192.46.203.16:5982","host":"192.46.203.16","id":13,"password":"545n41b7z20x","port":5982,"proxyType":"HTTP","username":"hldjmuos"},"restHeaders":{},"twitter":{"email":"ni6c75p7xe8wr@hotmail.com","f2aToken":"O7XYBLSJHIUWVUFX","id":13,"password":"jqP7kY2%E7SOkX","username":"afngb76441746"},"usable":false,"wSHeaders":{}}