{"browserEnv":{"headers":{"user-agent":"Mozilla/55.0 (Windows NT 10.0; Win64; x64) AppleWebKit/537.36 (KHTML, like Gecko) Chrome/130.0.6723.92 Safari/537.36"},"id":23},"clientAccount":{"browserEnvId":23,"email":"dinnallrodman@gmail.com","id":23,"name":"dinnallrodman","password":"!e##QkH3r)93zX","proxyId":23,"restHeaders":{},"twitterId":23,"wSHeaders":{}},"connectStatusInfo":{"connectStatus":"NEW","errorHeartBeat":0,"heartBeat":0,"restart":0},"name":"dinnallrodman","params":{"token":"0acd369fd57556cee23a23ffbdc6539e4ed86169293566dc87982a9b4eacad08"},"proxy":{"address":{"address":"46.203.29.186","port":6673},"addressStr":"46.203.29.186:6673","host":"46.203.29.186","id":23,"password":"545n41b7z20x","port":6673,"proxyType":"HTTP","username":"hldjmuos"},"restHeaders":{},"twitter":{"email":"ueudup8o8orn@hotmail.com","f2aToken":"DKBFNP3A5YTXLBW4","id":23,"password":"UwdN!!O#^7BOHW","username":"kxexr66259358"},"usable":false,"wSHeaders":{}}