{"browserEnv":{"headers":{"user-agent":"Mozilla/55.0 (Windows NT 10.0; Win64; x64) AppleWebKit/537.36 (KHTML, like Gecko) Chrome/130.0.6723.116 Safari/537.36"},"id":43},"clientAccount":{"browserEnvId":43,"email":"harmandeepmorton669@gmail.com","id":43,"name":"harmandeepmorton669","password":"sBfnK&o4s97E(#","proxyId":43,"restHeaders":{},"twitterId":43,"wSHeaders":{}},"connectStatusInfo":{"connectStatus":"NEW","errorHeartBeat":0,"heartBeat":0,"restart":0},"name":"harmandeepmorton669","params":{"token":"90affafb260c3226b689914ff418807d6d8a4ad0e476151a95ae268891cee401"},"proxy":{"address":{"address":"46.203.82.248","port":6248},"addressStr":"46.203.82.248:6248","host":"46.203.82.248","id":43,"password":"545n41b7z20x","port":6248,"proxyType":"HTTP","username":"hldjmuos"},"restHeaders":{},"twitter":{"email":"n8s16tizwdr0j@hotmail.com","f2aToken":"7DBTAACK2FZHIUPN","id":43,"password":"#WTQ!D2!6MoTgC","username":"quoze59943919"},"usable":false,"wSHeaders":{}}