{"browserEnv":{"headers":{"user-agent":"Mozilla/55.0 (Windows NT 10.0; Win64; x64) AppleWebKit/537.36 (KHTML, like Gecko) Chrome/130.0.6723.70 Safari/537.36"},"id":1},"clientAccount":{"browserEnvId":1,"email":"casselmanshayy@gmail.com","id":1,"name":"casselmanshayy","password":"mYevdnDfJ3Bw5y","proxyId":1,"restHeaders":{},"twitterId":1,"wSHeaders":{}},"connectStatusInfo":{"connectStatus":"NEW","errorHeartBeat":0,"heartBeat":0,"restart":0},"name":"casselmanshayy","params":{"token":"43b980fdc603191c4d15f6573f30ed0c650973024dbbbc40190738aa1561005e"},"proxy":{"address":{"address":"192.46.201.243","port":6757},"addressStr":"192.46.201.243:6757","host":"192.46.201.243","id":1,"password":"545n41b7z20x","port":6757,"proxyType":"HTTP","username":"hldjmuos"},"restHeaders":{},"twitter":{"email":"ayanleurtis@hotmail.com","f2aToken":"W6HAXXY3IIYLBUDP","id":1,"password":"jwQUOrsdCCR3dd","username":"qljxh36986541"},"usable":false,"wSHeaders":{}}